Flight_ID,Airline,Source,Destination,Departure_Date,Departure_Time,Arrival_Time,Duration,Total_Stops,Distance_km,Travel_Class,Days_Before_Departure,Season,Weekday,Aircraft_Type,Booking_Channel,Passenger_Count,Price
FL133547,Indigo,Hyderabad,Ahmedabad,2025-08-02,8:10 PM,21:50,1.67,0,910.5,Economy,43,Monsoon,Saturday,Boeing 737,Mobile App,5,5181.56
FL133458,AirAsia India,Pune,Mumbai,2025-06-05,12:10,12:55,0h 45m,non-stop,150,Economy,45,Monsoon,Thursday,ATR 72,Website,3,2000
FL173851,Qatar Airways,Sydney,PNQ,2025-02-11,5:05 PM,7:53 AM,14.80,1 stop,10168.1,Economy,3,,Tuesday,Boeing 777,Mobile App,3,174762.69
FL101953,AirAsia India,Bangalore Airport,BOM,2025-04-19,07:05,10:16 AM,3h 11m,1,868.3,Economy,33,Summer,Saturday,Airbus A320,Mobile App,1,2846.09
FL162887,British Airways,Sydney,Goa,2026-07-05,10:40 PM,12:36,13.93,non-stop,10478.0,Economy,6,Monsoon,Sunday,Airbus A320,Website,2,145331.64
FL116409,Qatar Airways,New York,Doha,2025-06-25,4:15 AM,21:02,16h 47m,1,,Economy,0,Monsoon,Wednesday,Boeing 787 Dreamliner,Website,2,190059.64
FL159106,GoFirst,Pune,Bangalore,2025-02-16,1:35 AM,3:02 AM,1h 28m,0,748.9,Economy,3,Winter,Sunday,Airbus A321,Website,2,6458.88
FL158312,Singapore Airlines,HYD,Dubai,2026-10-08,9:55 AM,3:21 PM,5h 27m,,2574.9,Economy,5,,Thursday,Boeing 787 Dreamliner,Website,1,28599.41
FL158966,Qatar Airways,New York,Jaipur Airport,2025-10-13,5:45 AM,22:49,17h 04m,1,12133.2,Economy,9,Autumn,Monday,Airbus A320,Mobile App,1,147645.15
FL108819,Singapore Airlines,Pune,DXB,2026-03-30,8:15 AM,11:35 AM,3h 20m,0,2215.6,Economy,110,Summer,Monday,Boeing 787 Dreamliner,Travel Agent,1,
FL101419,AIR INDIA,DXB,Ahmedabad,2025-01-12,13:30,16:26,177 min,0,1904.9,Economy,27,Winter,Sunday,Airbus A320,Travel Agent,1,24660.74
FL157714,Emirates,,BKK,2025-04-29,23:30,04:04,,,3179.9,Economy,120,Summer,Tuesday,Boeing 777,Website,2,36225.75
FL151292,British Airways,Doha,Dubai Airport,2026-02-05,22:50,23:48,0h 59m,0,376.4,Premium Economy,162,Winter,Thursday,Airbus A320,Mobile App,2,15000
FL138719,Emirates,Singapore Airport,New York Airport,2026-05-24,19:25,4:54 PM,,,15583.5,Economy,2,Summer,Sunday,Airbus A350,Third-Party,1,200000
FL180176,Indigo,HYD,Kolkata,2026-06-24,13:50,15:51,2h 02m,non-stop,1189.7,Business,11,Monsoon,Wednesday,Airbus A320,Airport Counter,1,20785.21
FL116252,Etihad Airways,Kolkata,BKK,2025-03-28,15:05,5:39 PM,155 min,0,1624.9,Economy,10,Summer,Friday,Airbus A380,Website,1,32822.58
FL102657,Thai Airways,Singapore,New York,2025-07-08,4:50 PM,15:29,22h 40m,1,15941.1,Economy,9,Monsoon,,Boeing 777,Website,4,193690.74
FL181288,Air India,,JFK,2026-10-10,5:20 AM,00:05,18h 45m,0,14240.1,Economy,6,Autumn,Saturday,Airbus A320,Mobile App,2,
FL121331,Qatar Airways,SIN,Hyderabad,2025-03-22,10:15 PM,4:19 AM,6h 04m,1 stop,3523.9,Economy,11,Summer,Saturday,Airbus A380,Website,,43430.61
FL131403,Indigo,BOM,Delhi,2025-06-25,7:25 PM,21:23,1.98,0,1151.0,Economy,2,Monsoon,Wednesday,Boeing 737,Mobile App,1,9024.38
FL100628,GoFirst,Bangalore,Kolkata,2026-04-22,2:55 PM,17:32,2h 38m,non-stop,1660.4,Economy,156,Summer,Wednesday,Airbus A321,Travel Agent,1,
FL116782,Thai Airways,,FRA,2026-02-18,8:50 PM,06:24,,0,7079.5,Economy,2,Winter,Wednesday,Airbus A380,Travel Agent,6,"Rs. 151,632.89"
FL120872,Vistara,Delhi Airport,,2025-07-03,03:20,07:42,4.38,1 stop,1777.4,Business,37,Monsoon,Thursday,Airbus A320,Website,6,22980.44
FL117659,VISTARA,Goa,SYD,2025-08-10,15:50,06:50,900 min,1,10018.3,Economy,33,Monsoon,Sunday,Boeing 777,Website,4,
FL142039,Lufthansa,Doha Airport,SYD,2026-04-13,12:35,5:53 AM,1039 min,0,13116.4,Economy,,Summer,Monday,Airbus A380,Mobile App,1,174107.59
FL158808,,Jaipur,Delhi,,22:10,22:58,0h 49m,non-stop,242.7,Business,37,Summer,Monday,ATR 72,Mobile App,3,4624.87
FL122630,air india,Kolkata,Hyderabad Airport,2025-10-03,6:40 PM,22:06,3h 27m,1,,Economy,7,Autumn,Friday,Airbus A320,Third-Party,,8910.2
FL142865,Etihad Airways,New York Airport,MAA,2026-03-08,05:40,02:05,20h 26m,1 stop,14280.9,Economy,38,Summer,Sunday,Airbus A320,,1,153026.72
FL160383,Air India,JAI,,2026-12-26,3:35 AM,05:50,2h 16m,non-stop,1375.8,Economy,13,Winter,Saturday,Airbus A320,Mobile App,3,10661.72
FL167167,British Airways,Mumbai,Doha,,06:20,12:01 PM,5h 41m,2 stops,2318.8,Business,12,Monsoon,Monday,,Travel Agent,5,65139.15
FL112404,Vistara,,Pune Airport,2025-10-11,2:15 PM,17:30,3h 16m,1 stop,943.0,Economy,28,,Saturday,Airbus A321,Mobile App,2,3792.59
FL195070,,Hyderabad,Bangkok,2025-07-31,14:00,18:51,4h 52m,1,2482.9,Economy,4,Monsoon,Thursday,Airbus A320,Mobile App,1,28319.86
FL170727,Vistara,New York,Singapore,2025-10-20,2:35 AM,1:01 AM,1346 min,1,16315.1,Economy,85,Autumn,Monday,Boeing 787 Dreamliner,Mobile App,3,90007.67
FL104765,Emirates,DOH,,2025-07-26,07:50,10:15 AM,146 min,1,381.1,Business,7,Monsoon,Saturday,Airbus A320,Website,1,16510.18
FL157391,VISTARA,Bangkok,Jaipur,2025-07-23,13:30,8:33 PM,423 min,2,2981.1,Economy,30,Monsoon,Wednesday,Boeing 787 Dreamliner,Travel Agent,5,16756.81
FL180239,Singapore Airlines,Hyderabad,Sydney,2025-01-30,4:15 PM,06:44,14h 29m,1 stop,10024.7,Business,29,Winter,Thursday,Boeing 787 Dreamliner,Website,two,200000
FL184738,SpiceJet,Bangalore,Chennai Airport,2025-10-11,12:20,14:37,137 min,1 stop,298.6 km,Economy,98,Autumn,Saturday,ATR 72,Mobile App,3,2000
FL167891,Singapore Airlines,Sydney,Kolkata,2025-04-24,04:25,6:46 PM,14h 22m,1 stop,9483.9,Premium Economy,53,Summer,Thursday,Boeing 787 Dreamliner,Mobile App,4,119554.19
FL155977,Emirates,Chennai Airport,Sydney,2025-07-26,10:15 PM,2:13 PM,959 min,2 stops,9663.9,Economy,0,Monsoon,Saturday,Boeing 787 Dreamliner,Website,1,133033.77
FL146762,,Delhi,London,2025-09-23,1:40 PM,12:40 AM,660 min,1,6975.8,Economy,44,Monsoon,Tuesday,Boeing 777,Website,3,65299.03
FL178562,AirAsia India,Hyderabad,Bangalore,2026-04-13,17:10,18:21,71 min,non-stop,535.5,,11,Summer,Monday,Boeing 737,Website,1,4309.05
FL191486,,Hyderabad,Singapore Airport,2026-04-29,1:55 PM,6:52 PM,4h 58m,,3477.7,Economy,47,Summer,Wednesday,Boeing 787 Dreamliner,Mobile App,2,37311.14
FL100928,airasia india,Hyderabad,Delhi,2025-06-22,03:50,06:03,2h 14m,0,1346.5,Economy,21,Monsoon,Sunday,Airbus A321,Website,4,6180.99
FL171098,Lufthansa,BLR,DOH,,04:40,10:19,339 min,1,3137.1,Economy,,Autumn,Saturday,Boeing 787 Dreamliner,Website,1,18254.96
FL175929,,Delhi,Dubai Airport,2025-03-11,20:35,00:08,3h 33m,0,2379.3,Business,36,Summer,Tuesday,Boeing 777,Mobile App,1,99779.94
FL155961,Singapore Airlines,,Pune,2026-05-04,07:25,00:40,17h 15m,0,13065.9,Business,10,Summer,Monday,Airbus A350,,2,200000
FL195655,Emirates,SIN,Doha,2025-03-03,10:50 AM,9:39 PM,10.83,2 stops,6203.9,Premium Economy,13,Summer,Monday,Airbus A350,,2,99204.08
FL162957,Etihad Airways,Doha,Dubai,2025-01-11,03:05,5:43 AM,2h 39m,1,404.8,Premium Economy,43,Winter,Saturday,Boeing 777,Website,6,15000
FL172651,Qatar Airways,New York,Frankfurt,2025-06-08,16:35,1:07 AM,8h 33m,non-stop,6277.4,First,34,Monsoon,,Airbus A380,Mobile App,2,200000
FL135456,Singapore Airlines,Kolkata,Sydney,2026-12-31,12:20,2:40 AM,14h 21m,1,,Economy,37,Winter,Thursday,Boeing 777,Mobile App,2,63293.25
FL115172,QATAR AIRWAYS,Dubai,Bangalore,2026-09-11,2:10 PM,7:26 PM,5h 16m,1 stop,2707.0,Economy,8,Monsoon,Friday,Boeing 777,Travel Agent,1,30865.66
FL150864,AirAsia India,Hyderabad,Bangalore,2025-08-19,2:05 AM,3:14 AM,1h 09m,0,512.9,Economy,6,Monsoon,Tuesday,Boeing 737,Website,1,3077.63
FL147121,Lufthansa,New York,Bangkok,,1:20 PM,9:44 AM,20h 24m,1,14668.7,Premium Economy,29,Monsoon,,Boeing 787 Dreamliner,Mobile App,3,164760.86
FL125559,VISTARA,Hyderabad,Goa,2025-05-28,04:05,05:17,1h 12m,0,547.9,Premium Economy,45,Summer,Wednesday,Airbus A320,Mobile App,1,"Rs. 4,534.73"
FL160675,Air India,Jaipur,,2025-04-27,5:25 PM,21:09,3h 44m,1,1664.0 km,Economy,31,Summer,Sunday,Airbus A321,,1,9637.73
FL158331,EMIRATES,New York,Dubai,,4:50 AM,11:49 PM,19h 00m,2 stops,11814.1,Economy,11,Monsoon,Friday,Airbus A350,Mobile App,1,112678.82
FL113986,Singapore Airlines,Jaipur,SIN,2026-05-30,12:40 AM,6:36 AM,5h 57m,0,4248.7,Economy,107,Summer,Saturday,,Website,2,52248.75
FL180163,AirAsia India,Goa Airport,Hyderabad,2025-09-11,11:45,12:59 PM,1.24,non-stop,574.5,Business,10,Monsoon,Thursday,Airbus A320,Mobile App,1,10097.96
FL100612,British Airways,AMD,Sydney,2025-06-12,18:50,10:31 AM,15h 42m,,10933.6,Economy,13,Monsoon,Thursday,,Mobile App,2,114170.17
FL141820,Emirates,Delhi,Dubai,2026-07-27,2:45 AM,7:59 AM,5h 15m,1 stop,2378.1,Premium Economy,152,Monsoon,Monday,Boeing 777,Website,,28388.46
FL145352,Emirates,Sydney,Hyderabad,2026-09-02,10:10 PM,1:20 PM,15h 10m,1,10225.9,Economy,0,,Wednesday,Airbus A350,Mobile App,2,149198.75
FL133426,Emirates,Chennai,Frankfurt,2026-08-08,00:30,12:01,11h 32m,1 stop,7591.0,Economy,40,Monsoon,Saturday,Airbus A320,,2,63399.75
FL136000,AirAsia India,BOM,Pune,2026-04-09,1:20 AM,2:05 AM,0.75,0,,Economy,13,Summer,,,Website,2,2000
FL189069,etihad airways,Singapore,Hyderabad,2026-02-25,8:40 AM,1:31 PM,4h 51m,0,3396.6,Economy,63,Winter,Wednesday,Airbus A320,Travel Agent,,"Rs. 45,690.74"
FL135619,Singapore Airlines,Singapore,Bangalore,2025-07-02,5:35 PM,23:38,6h 04m,1,3356.1,Premium Economy,43,,Wednesday,Boeing 787 Dreamliner,Mobile App,2,35778.53
FL109845,Etihad Airways,Sydney,Ahmedabad,2025-09-06,3:40 PM,6:29 AM,14.83,non-stop,11178.3,Premium Economy,2,Monsoon,Saturday,Boeing 787 Dreamliner,Airport Counter,1,200000
FL111650,British Airways,BKK,London Airport,2026-01-29,17:05,07:32,14.45,1,9615.3,Economy,7,Winter,Thursday,Boeing 777,Website,4,145766.19
FL177653,Singapore Airlines,New York,JAI,2026-02-13,9:30 PM,14:35,17.09,1 stop,12082.8,Economy,75,Winter,Friday,Boeing 777,Website,2,"Rs. 116,295.34"
FL138481,AirAsia India,Hyderabad,Jaipur,2025-01-03,03:05,5:03 AM,1h 59m,non-stop,1150.7,Economy,3,Winter,Friday,ATR 72,,3,9119.74
FL191644,,Dubai,Kolkata,2026-10-09,,07:23,393 min,1,3391.2,Premium Economy,5,Autumn,Friday,Airbus A380,Travel Agent,4,"Rs. 73,221.50"
FL178388,Lufthansa,Singapore Airport,Sydney,,08:45,7:17 PM,10h 33m,,,Economy,2,Summer,Tuesday,Boeing 787 Dreamliner,Mobile App,1,99152.22
FL167773,Indigo,BOM,,2026-12-04,07:15,9:07 AM,1h 53m,0,1073.2,Economy,0,Winter,Friday,ATR 72,Travel Agent,1,10774.88
FL161328,Lufthansa,JFK,Kolkata,2025-09-29,10:20 PM,15:48,17h 29m,non-stop,13245.4,First,4,Monsoon,Monday,Airbus A320,Website,2,200000
FL156515,Vistara,Ahmedabad,Singapore,2025-11-13,07:30,1:29 PM,360 min,0,4285.6,Economy,7,Autumn,Thursday,Boeing 777,Website,four,50650.47
FL135805,Etihad Airways,BLR,Dubai,2025-03-21,22:40,02:53,4h 13m,non-stop,2904.9,Economy,4,Summer,Friday,Boeing 777,Mobile App,2,58149.58
FL137456,Lufthansa,DOH,Ahmedabad,2025-05-09,12:15,16:40,266 min,1,2269.3,Economy,29,Summer,Friday,Airbus A380,Travel Agent,1,20460.65
FL116812,,Bangalore,Delhi,2026-10-13,1:05 PM,7:11 PM,6h 06m,2,1863.5,Economy,23,Autumn,Tuesday,Airbus A321,Website,6,5718.63
FL174686,Thai Airways,Bangkok Airport,Bangalore,2025-05-05,01:40,05:22,3h 42m,non-stop,2498.2,Economy,8,Summer,Monday,Boeing 777,Travel Agent,1,43551.35
FL135541,British Airways,DOH,Mumbai,2025-05-25,9:55 AM,,3h 37m,non-stop,2433.1,Economy,39,,Sunday,Airbus A320,Website,one,23492.8
FL124525,SINGAPORE AIRLINES,Ahmedabad,LHR,2025-03-10,08:35,6:15 PM,9.67,0,7156.3,Business,14,Summer,Monday,Boeing 777,Travel Agent,1,200000
FL137151,British Airways,Mumbai Airport,FRA,2026-06-11,07:20,18:04,10h 44m,1,6613.2,Premium Economy,3,Monsoon,Thursday,,Travel Agent,1,106314.79
FL166171,SpiceJet,Ahmedabad,Mumbai,2025-07-06,18:00,19:06,1h 06m,0,470.8,Economy,11,Monsoon,Sunday,Boeing 737,Mobile App,,2000
FL168002,Lufthansa,DXB,Kolkata,2025-06-27,11:00 PM,03:52,4h 53m,non-stop,3415.9,Economy,165,Monsoon,Friday,Airbus A320,Mobile App,5,31843.04
FL138296,SpiceJet,Chennai,Mumbai Airport,2026-07-09,13:05,14:56,1h 51m,0,1057.7,Economy,17,Monsoon,Thursday,Boeing 737,Third-Party,4,3767.2
FL105047,British Airways,Delhi,Bangkok,2026-08-10,12:10,17:52,5h 43m,1,3104.0,Economy,4,Monsoon,Monday,Boeing 787 Dreamliner,Airport Counter,3,
FL184466,Air India,AMD,Delhi,2026-10-09,06:00,07:30,1h 30m,0,782.5,Business,6,Autumn,Friday,Boeing 737,Third-Party,1,21774.02
FL155801,Etihad Airways,London,Doha Airport,,4:25 AM,13:27,9h 02m,1 stop,5309.8,Premium Economy,36,Monsoon,Saturday,Boeing 777,Travel Agent,4,64055.88
FL156628,AirAsia India,Goa,Pune,2026-03-02,19:45,10:03 PM,2h 18m,1 stop,354.1,Economy,0,Summer,Monday,ATR 72,Travel Agent,1,2193.02
FL111441,Vistara,,SYD,2025-04-07,22:10,9:47 PM,23h 37m,non-stop,,Economy,10,Summer,Monday,Airbus A380,,1,179054.26
FL162746,Lufthansa,Singapore,,2026-03-28,14:15,6:40 PM,,,3060.8,Premium Economy,60,Summer,Saturday,Boeing 787 Dreamliner,Mobile App,3,60510.11
FL105131,Vistara,Jaipur,HYD,2026-06-11,11:40,1:40 PM,2h 00m,non-stop,1174.6,Economy,33,Monsoon,,Airbus A320,Website,1,5499.62
FL138914,Qatar Airways,New York Airport,Singapore,2026-12-16,10:25,8:56 AM,22h 32m,1,16303.7,Economy,21,Winter,Wednesday,Airbus A380,Website,4,174709.71
FL131488,ETIHAD AIRWAYS,BKK,Goa,2025-01-23,12:55 PM,17:11,,non-stop,2945.8,Economy,37,Winter,Thursday,Airbus A320,Mobile App,1,
FL154127,ETIHAD AIRWAYS,AMD,Frankfurt Airport,2026-10-01,07:40,18:08,10h 28m,1,6532.4,Economy,12,Autumn,Thursday,Boeing 787 Dreamliner,Website,1,71556.38
FL167359,AirAsia India,Hyderabad,Ahmedabad,2026-09-21,14:15,18:12,3h 57m,2,893.7,Premium Economy,33,Monsoon,Monday,Airbus A321,Travel Agent,1,4927.89
FL186793,Emirates,Hyderabad,Doha Airport,,1:05 AM,05:33,,non-stop,3105.8,Economy,5,Monsoon,Tuesday,Airbus A320,Travel Agent,2,57620.14
FL161873,Emirates,PNQ,DXB,2026-05-30,2:45 PM,7:11 PM,267 min,1 stop,2212.5,Business,8,Summer,Saturday,Airbus A350,Airport Counter,1,88172.5
FL157988,Emirates,Bangkok,Mumbai,2026-06-17,9:50 AM,14:19,4h 29m,0,,Economy,29,Monsoon,Wednesday,Airbus A320,Mobile App,1,35840.46
FL137868,Singapore Airlines,SYD,FRA,,21:10,7:58 PM,22h 48m,0,17397.4,Economy,2,Autumn,Monday,Airbus A320,Airport Counter,5,200000
FL170877,Lufthansa,Ahmedabad,Doha,2026-09-28,4:55 PM,22:01,5h 07m,1,2307.2,Economy,10,Monsoon,Monday,Airbus A350,Mobile App,1,27597.04
FL115766,Qatar Airways,,Pune,2025-04-14,1:00 AM,4:38 AM,3h 39m,0,2454.6,Economy,97,Summer,Monday,Airbus A320,Website,3,28217.75
FL129529,Etihad Airways,Bangkok,Kolkata,2026-03-17,09:30,12:12 PM,2h 43m,non-stop,1726.5,Premium Economy,105,Summer,Tuesday,Boeing 777,Mobile App,1,39881.42
FL104924,Qatar Airways,SIN,Pune,2026-02-25,16:15,,5h 23m,0,3806.7,Economy,0,Winter,Wednesday,Boeing 787 Dreamliner,Website,2,101930.14
FL113230,Lufthansa,Singapore,Frankfurt,2025-02-06,19:20,12:16 PM,16.94,2,10576.8,Economy,7,Winter,Thursday,Airbus A380,Travel Agent,1,102479.07
FL188490,emirates,Hyderabad,,2026-05-01,8:25 AM,02:57,18h 32m,1 stop,13087.3,Business,1,Summer,Friday,Boeing 777,Mobile App,1,"Rs. 200,000.00"
FL161963,Etihad Airways,JFK,Mumbai Airport,2025-10-19,21:15,2:27 PM,17h 12m,0,13028.8,Economy,38,Autumn,Sunday,Boeing 777,Website,1,173064.86
FL185075,Indigo,Delhi Airport,Ahmedabad Airport,2026-07-25,,9:31 AM,3h 01m,1,781.6,Economy,129,Monsoon,Saturday,,Website,1,2639.47
FL108179,Qatar Airways,Pune,Singapore,2026-03-13,01:25,6:56 AM,5.52,non-stop,3915.4,Economy,7,Summer,Friday,Boeing 787 Dreamliner,Third-Party,1,"Rs. 58,138.95"
FL108095,Thai Airways,Bangkok,Delhi,2026-01-23,08:25,13:45,5h 21m,1 stop,2945.1,Economy,2,Winter,Friday,Airbus A350,Website,1,65063.48
FL100299,Emirates,Sydney,Jaipur,2026-11-01,21:40,12:04 PM,864 min,,10844.5,First,4,Autumn,Sunday,Airbus A350,Third-Party,4,200000
FL109776,Indigo,Delhi,,2026-03-20,12:55,16:13,3.30,1,796.1,Economy,12,Summer,Friday,Boeing 737,Website,1,5481.98
FL152944,Emirates,Singapore Airport,Bangalore,2025-10-07,21:45,02:27,4h 43m,0,3284.4,Economy,18,Autumn,Tuesday,,Travel Agent,1,25371.94
FL100699,Lufthansa,Hyderabad,Doha,2026-04-10,9:10 AM,1:35 PM,4h 26m,non-stop,3066.7,Economy,23,Summer,Friday,Airbus A320,Website,5,37645.76
FL153179,Qatar Airways,Bangkok,Delhi,2025-03-01,16:25,8:53 PM,4h 29m,non-stop,3103.3,Economy,24,Summer,Saturday,Boeing 787 Dreamliner,Website,1,45062.14
FL104611,Vistara,Singapore,Dubai,2025-08-06,10:00 AM,19:36,9h 36m,1 stop,5874.9,,0,Monsoon,Wednesday,Airbus A320,,1,74549.86
FL154906,singapore airlines,London Airport,FRA,2025-04-27,10:05 AM,11:27,,0,679.2,Economy,48,Summer,Sunday,Airbus A320,Website,,15000
FL130631,Etihad Airways,Ahmedabad,Doha,2026-03-19,2:50 PM,19:45,296 min,1 stop,2234.4,Economy,34,Summer,Thursday,Boeing 777,Website,1,18578.85
FL119985,Singapore Airlines,Bangalore,DXB,2025-10-30,01:45,7:23 AM,5h 39m,1,2740.4,Economy,12,Autumn,Thursday,Airbus A320,Mobile App,2,30593.15
FL108838,GoFirst,Ahmedabad Airport,Mumbai Airport,2025-02-06,15:30,16:34,1h 05m,0,451.9,Economy,13,Winter,Thursday,Boeing 737,Website,,
FL192146,Air India,New York,Frankfurt,2026-02-18,8:20 PM,05:53,9h 34m,1,6209.1,Economy,137,Winter,Wednesday,Airbus A380,Website,1,48248.55
FL139786,lufthansa,Frankfurt,Singapore,2026-05-03,18:55,10:54,15h 59m,1,10820.5,Economy,0,Summer,Sunday,Airbus A350,,3,200000
FL162989,Lufthansa,Sydney,Dubai,2025-01-21,2:30 AM,20:42,18h 13m,1 stop,,Economy,8,Winter,Tuesday,Boeing 787 Dreamliner,Third-Party,4,200000
FL114325,Qatar Airways,Ahmedabad Airport,Singapore Airport,2026-05-04,18:50,2:34 AM,7h 45m,1,4306.0,Premium Economy,3,Summer,Monday,Boeing 787 Dreamliner,Mobile App,5,75415.8
FL107629,Emirates,Frankfurt,Kolkata Airport,2025-11-29,6:25 PM,5:58 AM,11h 33m,1,7699.8,Business,14,,Saturday,Airbus A350,Mobile App,2,200000
FL106963,Air India,GOI,AMD,2025-08-21,19:10,22:01,2h 52m,,900.4,Economy,126,Monsoon,Thursday,Boeing 737,Airport Counter,1,2966.79
FL106186,Emirates,Jaipur,New York Airport,2025-04-22,7:10 AM,23:33,16h 24m,non-stop,12396.8,Business,26,Summer,Tuesday,Boeing 777,Third-Party,1,200000
FL133916,indigo,Hyderabad,GOI,2026-05-11,15:40,16:54,1h 14m,non-stop,575.4,Economy,103,Summer,Monday,,Mobile App,4,2908.17
FL183121,Lufthansa,Doha Airport,Bangalore,2026-07-20,12:00,,6h 04m,1,3198.0,Economy,11,Monsoon,Monday,Airbus A380,Website,4,36975.52
FL173515,Air India,Chennai,Mumbai,2025-11-10,9:30 AM,12:58 PM,3h 29m,1,1098.4,Economy,45,,Monday,ATR 72,Mobile App,1,3884.45
FL149314,Etihad Airways,,GOI,2026-05-28,02:40,23:48,21h 09m,2,13568.5,Economy,8,Summer,Thursday,Airbus A320,Website,4,110226.37
FL107820,Thai Airways,London,Delhi Airport,2025-06-05,11:45,10:19 PM,10h 35m,1 stop,6792.5,Premium Economy,3,Monsoon,Thursday,Boeing 787 Dreamliner,Mobile App,2,130245.83
FL183278,SpiceJet,Ahmedabad Airport,Kolkata,2025-12-24,05:40,08:24,,non-stop,1746.2,Economy,14,Winter,Wednesday,Airbus A320,Third-Party,1,9909.19
FL149026,Etihad Airways,Bangalore,New York,2025-08-16,,6:31 AM,19h 52m,1 stop,14275.7,Business,37,Monsoon,Saturday,Airbus A380,Mobile App,1,200000
FL112602,Vistara,Delhi,Pune,2026-04-10,5:05 PM,20:24,3h 19m,1,,Economy,0,Summer,Friday,Airbus A321,,4,11180.21
FL120070,emirates,Jaipur Airport,London,2025-09-22,15:20,02:09,10h 49m,1,7213.4,,38,Monsoon,Monday,Airbus A320,Mobile App,1,48876.71
FL129971,AirAsia India,,DEL,2025-05-19,14:10,16:17,,non-stop,1265.6,Economy,9,Summer,Monday,Airbus A320,Website,2,7241.41
FL176409,Thai Airways,Goa,Dubai,2025-09-26,9:50 AM,13:15,3h 25m,0,2279.2,Economy,113 days,Monsoon,Friday,Airbus A320,Mobile App,2,
FL169270,Vistara,Pune,Kolkata Airport,2025-03-19,4:35 PM,19:10,2h 35m,,1626.0,Economy,8,Summer,Wednesday,ATR 72,Third-Party,1,9205.18
FL176285,GoFirst,Mumbai Airport,Chennai,2026-04-28,16:30,,1h 51m,0,1057.2,Economy,22,Summer,Tuesday,Airbus A321,Mobile App,3,4562.44
FL169045,Vistara,PNQ,JAI,2026-06-05,18:05,19:51,1h 47m,0,997.8,Economy,10,Monsoon,Friday,ATR 72,Mobile App,6,9304.27
FL162847,Singapore Airlines,New York,Dubai,2025-03-16,06:35,10:50 PM,16h 16m,1,11112.5,Economy,33,Summer,Sunday,Airbus A320,Travel Agent,2,120534.34
FL150448,Vistara,Jaipur,Ahmedabad,2026-03-09,2:05 AM,04:40,2h 35m,1,543.3,Economy,32,Summer,Monday,Boeing 737,Mobile App,2,3039.09
FL165705,,Pune,Mumbai,2025-12-23,3:05 AM,03:50,0h 45m,,150,Business,23,Winter,,Airbus A320,Third-Party,2,2558.63
FL188315,AirAsia India,BOM,Goa,2025-01-19,23:15,12:18 AM,1h 04m,0,438.1,Premium Economy,41,Winter,Sunday,Boeing 737,Website,2,4325.86
FL152823,Emirates,London,Hyderabad,2026-02-14,15:15,04:45,13.51,2,8149.7,Business,8,Winter,Saturday,Boeing 777,,1,200000
FL127594,Thai Airways,Pune Airport,New York Airport,2025-12-11,04:50,23:41,18h 52m,1,13007.2 km,,44,Winter,Thursday,Boeing 787 Dreamliner,Travel Agent,1,178774.13
FL118882,Emirates,Delhi,Bangkok Airport,2026-06-18,4:30 AM,11:14 AM,6.74,2 stops,3136.9,,11,Monsoon,Thursday,Airbus A320,Mobile App,4,76313.25
FL123495,Air India,HYD,Frankfurt,2025-10-23,4:40 PM,05:22,12.71,2 stops,7630.3 km,Economy,1,Autumn,Thursday,Boeing 787 Dreamliner,Website,1,89445.99
FL104018,QATAR AIRWAYS,Bangkok,MAA,2026-06-30,10:20 PM,2:54 AM,274 min,,2275.2,Economy,11,Monsoon,Tuesday,Boeing 787 Dreamliner,Website,3,"Rs. 28,275.04"
FL152802,Vistara,DXB,Kolkata,2025-11-15,8:45 PM,1:43 AM,298 min,non-stop,,Economy,3,Autumn,,Boeing 777,Travel Agent,3,56322.52
FL189786,etihad airways,SIN,Frankfurt,2025-10-14,6:15 PM,10:12,15h 58m,,10889.8,Economy,17,Autumn,Tuesday,Airbus A380,Mobile App,4,80379.16
FL185699,GOFIRST,Jaipur,DEL,2026-01-27,4:05 PM,,0h 49m,non-stop,241.8,Business,35,Winter,Tuesday,Boeing 737,Mobile App,4,3152.34
FL180340,Qatar Airways,Bangalore,London,2025-07-01,,10:38 PM,10h 54m,,8110.8,Premium Economy,10,Monsoon,Tuesday,Airbus A350,Website,1,113967.5
FL143409,Emirates,DEL,Frankfurt,2025-05-26,22:10,6:46 AM,8h 37m,0,,Economy,11,Summer,Monday,Boeing 787 Dreamliner,Mobile App,3,90719.58
FL192871,Indigo,Hyderabad,Delhi,,,05:00,3h 26m,1,1333.6,Economy,12,Winter,Friday,Airbus A321,Website,1,8277.4
FL103911,Qatar Airways,Frankfurt,Delhi,2025-03-02,1:00 AM,09:47,8h 47m,0,6464.1,Economy,92,Summer,Sunday,Airbus A380,Website,1,48936.89
FL111158,Qatar Airways,JFK,FRA,2025-11-22,6:25 PM,4:37 AM,10h 13m,1,6394.2,,1,Autumn,Saturday,Airbus A380,Travel Agent,2,84557.08
FL135116,lufthansa,Bangalore,New York,2026-08-27,21:10,16:00,18h 51m,non-stop,14310.1,Premium Economy,,Monsoon,Thursday,Airbus A350,Third-Party,2,200000
FL119629,Air India,Bangkok,GOI,2025-04-08,6:35 PM,23:02,,0,3085.1,Business,79,Summer,Tuesday,Airbus A320,Mobile App,1,68192.06
FL184776,Qatar Airways,Bangkok,Singapore Airport,2026-01-17,21:15,11:36 PM,2h 21m,0,1444.1,First,3,Winter,Saturday,Airbus A380,Mobile App,4,127729.34
FL186081,Singapore Airlines,Jaipur,BKK,,7:10 AM,12:50,341 min,1,3110.0,Economy,13,Autumn,Monday,Boeing 777,Mobile App,3,38289.96
FL161919,GoFirst,Delhi,BLR,2026-08-18,03:00,05:47,2h 47m,0,1785.0 km,Business,,Monsoon,Tuesday,ATR 72,Mobile App,4,25000
FL192245,Singapore Airlines,Sydney,Delhi,2026-10-18,11:55 AM,03:45,15h 51m,1,10988.2,Business,34,Autumn,Sunday,Airbus A380,Website,1,200000
FL134530,Indigo,Bangalore,Chennai Airport,2026-08-01,17:55,20:14,139 min,1,296.5,Premium Economy,23,Monsoon,Saturday,ATR 72,Mobile App,1,2000
FL194741,Qatar Airways,DXB,Mumbai,2025-04-23,7:45 PM,00:00,4h 16m,,2081.5,Economy,13,Summer,Wednesday,,Website,2,28674.18
FL166593,British Airways,Dubai,Hyderabad,2025-04-25,07:15,11:08,3h 54m,0,2649.0,Economy,16,Summer,Friday,Boeing 787 Dreamliner,Third-Party,2,33633.24
FL122090,AirAsia India,Jaipur,Delhi,2026-12-16,04:25,05:13,0h 48m,0,239.0,Economy,80,Winter,,Airbus A320,Mobile App,1,2000
FL195120,Etihad Airways,Dubai,JAI,2026-04-21,09:10,12:27 PM,3h 17m,non-stop,,Economy,14,,Tuesday,Airbus A320,Third-Party,3,27773.67
FL132923,AIRASIA INDIA,Kolkata,Goa Airport,2025-06-11,21:00,01:29,4h 30m,1,1747.0,,6,,Wednesday,Airbus A321,Mobile App,4,8667.27
FL185146,Air India,Bangalore,Delhi,2026-08-25,08:30,12:40,4h 11m,,1811.8,Economy,30,Monsoon,Tuesday,Airbus A320,Mobile App,2,9662.38
FL197291,Etihad Airways,Bangkok,London,2026-06-22,08:35,11:14 PM,14h 40m,1,10033.8,Business,9,Monsoon,Monday,Airbus A320,Mobile App,1,200000
FL184755,Singapore Airlines,Delhi,Doha,2026-09-04,6:30 PM,00:37,6h 08m,2,2626.9,Economy,,Monsoon,Friday,Boeing 777,Mobile App,4,20187.85
FL153462,Etihad Airways,Frankfurt,Bangkok,2026-07-02,2:10 PM,02:13,12h 04m,0,9016.6,Economy,3,Monsoon,Thursday,Airbus A380,Website,1,
FL108199,Emirates,Singapore,Ahmedabad,2025-09-14,,08:25,6h 05m,0,4358.6,Premium Economy,11,Monsoon,Sunday,Airbus A350,Mobile App,3,118323.04
FL188797,Lufthansa,Bangkok,Doha,2025-02-06,8:30 PM,06:24,9h 54m,2 stops,5498.7,Economy,28,Winter,Thursday,Airbus A380,Third-Party,1,39643.66
FL107152,Air India,Ahmedabad,Mumbai,2025-03-30,03:05,04:10,65 min,0,455.8,Economy,33,Summer,Sunday,ATR 72,Website,3,2550.0
FL101356,Thai Airways,JFK,Sydney Airport,2026-08-08,11:05 PM,12:54 AM,25h 50m,2 stops,17247.2,Premium Economy,53,Monsoon,Saturday,Airbus A380,Website,1,200000
FL158695,Indigo,Ahmedabad,Chennai,2025-03-07,11:50,14:10,2h 21m,0,1442.3,,82,Summer,Friday,Airbus A321,Travel Agent,5,23619.09
FL153504,AirAsia India,Mumbai,,2025-02-18,10:15 AM,12:37,2h 23m,1 stop,628.4,First,0,Winter,Tuesday,Airbus A321,Third-Party,1,14822.9
FL133654,Thai Airways,Doha Airport,Dubai Airport,2025-08-07,16:25,5:24 PM,0h 59m,non-stop,379.3,Economy,22,Monsoon,Thursday,Airbus A380,Mobile App,2,15000
FL128615,Singapore Airlines,Dubai,HYD,2025-01-26,9:40 PM,2:57 AM,5h 17m,1 stop,,Economy,71,Winter,Sunday,Airbus A350,,1,21102.66
FL192690,,Hyderabad,New York,2025-02-16,4:20 PM,11:17,18.96,1 stop,13492.2,Premium Economy,35,,Sunday,Airbus A350,,1,200000
FL170289,British Airways,Frankfurt,BOM,2026-07-01,12:45 PM,00:00,11h 16m,2,6706.0,Economy,10,Monsoon,Wednesday,Boeing 787 Dreamliner,Mobile App,4,61355.08
FL176738,Singapore Airlines,Doha,London Airport,2025-01-23,6:10 PM,,9h 12m,1,5471.6,Premium Economy,7,Winter,Thursday,Airbus A320,Website,3,93544.87
FL127555,Indigo,AMD,PNQ,2026-08-01,20:40,9:51 PM,1h 12m,non-stop,540.6 km,Economy,14,Monsoon,Saturday,Airbus A320,Website,4,2661.76
FL100216,British Airways,Delhi,New York,2025-09-18,15:15,08:47,1053 min,1,12245.6 km,Business,10,Monsoon,Thursday,Airbus A380,Website,4,200000
FL148855,British Airways,Sydney,,2026-07-18,02:40,17:53,15h 13m,2 stops,9635.6,First,8,Monsoon,Saturday,Boeing 777,Third-Party,1,200000
FL175254,Emirates,Dubai Airport,Bangalore,2025-01-20,19:00,11:00 PM,4h 01m,0,2739.6,Economy,10,Winter,,Boeing 777,Mobile App,2,39148.99
FL173665,British Airways,JFK,,2025-02-18,23:05,3:52 PM,16h 48m,1,11792.8,Business,22,Winter,Tuesday,Boeing 787 Dreamliner,Third-Party,one,200000
FL100547,Qatar Airways,New York Airport,,2025-12-16,23:45,,1107 min,1 stop,13200.4,Economy,40,,Tuesday,Airbus A350,Third-Party,3,172026.61
FL190737,lufthansa,Singapore,Doha Airport,2025-09-29,00:10,8:52 AM,523 min,0,6405.1,Premium Economy,41,Monsoon,Monday,Boeing 777,Website,2,89267.97
FL124216,Etihad Airways,Sydney,Singapore,2025-05-03,2:25 AM,11:01,8h 37m,0,6330.8,Premium Economy,135,Summer,Saturday,Airbus A350,Mobile App,2,
FL187593,Thai Airways,Sydney,Ahmedabad Airport,2026-11-08,01:10,5:35 PM,16h 25m,1 stop,11065.4,Economy,31,Autumn,Sunday,Boeing 777,Travel Agent,3,78010.18
FL172768,Emirates,FRA,,2025-02-19,10:30 PM,12:29,14h 00m,1 stop,9601.5,Premium Economy,113,Winter,Wednesday,Boeing 787 Dreamliner,Mobile App,3,162507.67
FL169465,Etihad Airways,DOH,Bangkok,2026-06-11,07:50,16:42,533 min,1,5360.5,Economy,3,Monsoon,Thursday,Airbus A320,Airport Counter,2,85752.42
FL188623,AirAsia India,Jaipur Airport,Chennai,2025-09-25,5:15 AM,07:49,2.57,non-stop,,Business,42,Monsoon,Thursday,Airbus A321,Travel Agent,2,16856.27
FL125875,Lufthansa,London,Doha,2026-10-25,00:20,9:16 AM,8h 56m,1,5509.9,Premium Economy,5,Autumn,Sunday,Airbus A350,Travel Agent,4,103630.95
FL107357,Thai Airways,Singapore Airport,Mumbai,2025-03-21,11:20 AM,18:36,7h 16m,1,4195.0,Business,11,Summer,Friday,Boeing 777,Mobile App,1,168358.02
FL143406,Air India,DXB,Hyderabad,2026-07-06,10:15,15:39,5h 25m,1,,Economy,98,Monsoon,Monday,Airbus A380,Website,1,15811.83
FL118987,Thai Airways,London,GOI,2025-12-15,7:10 PM,6:45 AM,11h 35m,1,7805.7,Economy,10,Winter,Monday,Boeing 787 Dreamliner,Website,1,88761.13
FL179643,AirAsia India,Mumbai,Hyderabad Airport,2026-02-02,14:15,16:41,2.45,1,646.7,Premium Economy,27,Winter,Monday,Airbus A320,,3,3996.87
FL146974,GoFirst,Ahmedabad Airport,Hyderabad,2025-08-07,5:35 PM,21:01,3h 27m,1,917.2,Economy,122,Monsoon,Thursday,ATR 72,Mobile App,2,4568.04
FL159826,Thai Airways,PNQ,Frankfurt,2026-01-07,,00:42,10h 32m,1,7006.5,Economy,156,Winter,Wednesday,Airbus A380,Website,2,73316.33
FL157753,Thai Airways,Singapore Airport,New York,2025-06-17,06:35,02:46,20h 11m,0,,Premium Economy,70,Monsoon,Tuesday,Airbus A320,Third-Party,5,186692.25
FL155525,British Airways,,Mumbai,2025-02-16,03:05,21:52,18h 48m,1,12922.4,Business,5,Winter,Sunday,Airbus A350,Third-Party,1,200000
FL154253,emirates,Goa,LHR,2025-01-20,4:35 AM,16:33,11h 59m,1 stop,7811.5,Economy,5,Winter,Monday,Airbus A380,Website,3,116347.6
FL175826,Etihad Airways,Hyderabad,New York,2025-06-04,11:10 PM,19:49,1240 min,2,13552.1,Economy,13,Monsoon,Wednesday,Boeing 787 Dreamliner,Third-Party,2,124689.77
FL130641,Emirates,London,Goa,2026-03-09,08:35,19:20,10h 45m,0,7995.7,Economy,0,Summer,Monday,,Third-Party,2,156042.59
FL164253,Thai Airways,Frankfurt,,2025-05-31,05:50,12:46 PM,6h 56m,non-stop,5024.2,Business,15,Summer,Saturday,Boeing 777,Travel Agent,4,200000
FL101670,,Bangalore,London Airport,2026-08-24,11:05,,11h 31m,0,8586.7,Economy,116,Monsoon,Monday,Airbus A320,Mobile App,4,73167.04
FL174952,Air India,LHR,Goa,2026-06-11,11:00,9:46 PM,10h 46m,non-stop,8008.0,Premium Economy,103,Monsoon,Thursday,Boeing 777,,1,96761.02
FL178822,Etihad Airways,Jaipur,Bangkok,2026-10-28,22:10,02:40,4.51,0,3124.0,Economy,32,Autumn,Wednesday,Airbus A320,Mobile App,4,26012.82
FL137225,Thai Airways,Sydney,Goa,2025-08-20,9:20 AM,22:38,13h 19m,non-stop,9994.4,Economy,33,Monsoon,Wednesday,Airbus A380,Website,1,111830.38
FL190818,thai airways,Kolkata,Frankfurt Airport,2026-07-11,15:30,02:00,10h 31m,0,7807.4,Economy,12,Monsoon,Saturday,Boeing 787 Dreamliner,Mobile App,1,86346.59
FL166664,SpiceJet,Chennai,PNQ,2026-05-07,3:25 AM,05:09,104 min,0,963.6,Business,2,Summer,Thursday,Airbus A320,Travel Agent,1,21839.75
FL129453,Indigo,Kolkata,Pune,2025-09-16,1:55 PM,18:11,,1,1636.7,Economy,153,Monsoon,Tuesday,Boeing 737,Website,2,7002.19
FL149068,Singapore Airlines,Frankfurt Airport,DEL,2026-12-29,17:45,04:45,11h 01m,2 stops,6383.7,Economy,4,Winter,Tuesday,Airbus A380,Airport Counter,1,62128.45
FL148431,Qatar Airways,Frankfurt,BLR,2026-02-07,15:55,03:24,11.49,1,7625.5,Premium Economy,36,Winter,Saturday,Boeing 787 Dreamliner,Website,1,107934.97
FL153446,AirAsia India,Delhi,Goa,2026-09-02,23:20,03:19,3.99,1,1596.9,Business,35,Monsoon,Wednesday,Airbus A321,Website,four,15949.25
FL104674,Lufthansa,Frankfurt,Bangkok,2025-01-04,11:40,02:13,14h 33m,1,9655.1,First,20,Winter,Saturday,Airbus A380,Mobile App,1,200000
FL132712,Thai Airways,Chennai Airport,Bangkok,2026-12-05,09:20,2:28 PM,5.15,1 stop,2303.9,Premium Economy,43,Winter,Saturday,Airbus A320,Travel Agent,1,49578.42
FL154311,Emirates,Jaipur,New York,2025-05-26,00:40,8:24 PM,19h 45m,2,12604.5,Economy,8,Summer,Monday,Boeing 777,Mobile App,1,160727.27
FL119622,Air India,Chennai,Pune,2025-05-02,07:55,10:46,2h 52m,1,974.6,Economy,,Summer,Friday,ATR 72,Travel Agent,1,6311.94
FL185522,Emirates,Delhi Airport,New York,2025-07-27,1:35 PM,07:37,18h 02m,1,12405.8 km,Economy,5,Monsoon,Sunday,Boeing 787 Dreamliner,Website,2,163204.61
FL161547,AirAsia India,Delhi,BOM,2025-12-17,8:00 AM,10:00 AM,,0,1179.0,Economy,0,Winter,Wednesday,Airbus A321,Airport Counter,4,9764.44
FL173402,singapore airlines,Mumbai,Doha,2026-03-07,3:40 PM,8:33 PM,4h 54m,1,2306.2,Economy,4,Summer,Saturday,Boeing 777,Website,3,47430.86
FL182887,Thai Airways,Bangalore,JFK,2025-10-29,1:00 AM,22:52,1313 min,2 stops,14437.4,Economy,0,Autumn,Wednesday,Airbus A380,Mobile App,2,179478.57
FL102384,GoFirst,Mumbai,DEL,2025-10-20,15:05,5:08 PM,2h 04m,non-stop,1220.2,Economy,1,Autumn,Monday,Airbus A320,Mobile App,1,"Rs. 14,220.04"
FL131500,Thai Airways,BKK,New York Airport,2025-01-15,02:10,10:20 PM,20h 10m,1,14052.7,Premium Economy,13,Winter,Wednesday,Boeing 787 Dreamliner,Third-Party,2,200000
FL171752,AirAsia India,AMD,,2026-04-14,3:50 AM,07:04,195 min,1 stop,906.8,Economy,7,,Tuesday,Airbus A321,Mobile App,2,5763.85
FL135299,GoFirst,Goa,Jaipur,2026-02-03,18:55,9:09 PM,2h 15m,0,1363.2,Economy,19,Winter,Tuesday,ATR 72,Travel Agent,4,6363.24
FL173933,Vistara,Mumbai,Hyderabad,2026-01-25,17:55,7:16 PM,,,664.9,Premium Economy,9,Winter,Sunday,Airbus A320,Website,5,10026.21
FL188851,Indigo,PNQ,Chennai,2026-01-27,6:55 AM,8:39 AM,1h 44m,non-stop,963.7,Economy,7,Winter,Tuesday,ATR 72,Travel Agent,1,5971.27
FL124719,Qatar Airways,Sydney,Mumbai Airport,2026-03-31,,1:28 AM,998 min,2,,Economy,2,Summer,Tuesday,Airbus A320,Website,5,
FL141481,British Airways,Frankfurt Airport,Goa,2025-06-17,1:40 AM,1:11 PM,11.53,1,7282.5,Economy,11,Monsoon,Tuesday,Boeing 787 Dreamliner,Website,2,71343.4
FL157760,,Delhi,Kolkata Airport,2025-12-11,13:55,16:12,137 min,0,1395.0,Business,9,Winter,Thursday,Airbus A321,Website,2,
FL190026,Lufthansa,,Chennai,2025-12-08,22:25,11:31 AM,13h 07m,non-stop,9840.3,Economy,129,Winter,Monday,Boeing 787 Dreamliner,Website,2,92994.18
FL193367,thai airways,Chennai,Dubai,2025-12-24,14:20,18:53,4.55,0,3161.9,Economy,8,Winter,,Boeing 787 Dreamliner,Travel Agent,2,46049.12
FL120960,SINGAPORE AIRLINES,Ahmedabad,,2025-12-06,7:30 PM,2:58 AM,7h 29m,1,4391.1,Economy,120,Winter,Saturday,Boeing 787 Dreamliner,Travel Agent,2,38509.33
FL191511,Emirates,Frankfurt,BLR,2026-05-06,12:25 PM,12:04 AM,11h 39m,1,7449.9,Premium Economy,31,Summer,Wednesday,Airbus A380,Website,3,107948.22
FL121396,British Airways,,SYD,2026-08-11,13:30,01:25,11h 56m,1 stop,7833.9,Economy,39,Monsoon,Tuesday,Boeing 777,Airport Counter,1,56371.97
FL183923,,LHR,Dubai,,01:40,10:53,9.23,1,5540.0,Economy,13,Monsoon,Wednesday,Boeing 777,Travel Agent,1,70953.27
FL118876,Emirates,AMD,BKK,2025-10-26,01:00,08:29,7h 29m,2 stops,,Economy,34,Autumn,Sunday,Airbus A380,Airport Counter,1,23610.24
FL112086,THAI AIRWAYS,FRA,Pune Airport,2026-07-01,5:40 PM,3:56 AM,10h 17m,1,6693.1,Economy,40,Monsoon,Wednesday,Boeing 787 Dreamliner,Airport Counter,1,53101.84
FL154521,Lufthansa,DOH,Singapore Airport,2025-06-12,2:25 AM,12:35,10h 10m,1 stop,6679.8,Economy,1,Monsoon,Thursday,Airbus A320,Mobile App,2,
FL106223,Emirates,Singapore,,,11:00 AM,13:21,2h 22m,non-stop,,Economy,15,Winter,Friday,Airbus A380,Website,2,17444.86
FL190996,Indigo,Jaipur Airport,GOI,2025-07-14,7:10 AM,10:36 AM,207 min,1 stop,1373.2,Economy,2,Monsoon,Monday,Boeing 737,Mobile App,2,7993.13
FL130379,SpiceJet,Mumbai,Delhi,2025-02-12,2:00 AM,04:00,2h 01m,0,1177.6,Economy,41,Winter,Wednesday,ATR 72,Airport Counter,2,6087.57
FL149699,Qatar Airways,SIN,London,2026-08-17,01:40,8:09 PM,18h 30m,2 stops,11259.9,Economy,5,,Monday,Boeing 777,Website,4,142278.9
FL105783,SPICEJET,Jaipur,Kolkata Airport,2025-04-04,12:25,2:39 PM,2h 15m,non-stop,1361.4,Economy,0,Summer,Friday,Airbus A321,Travel Agent,2,17517.83
FL126996,Emirates,PNQ,SIN,2025-01-29,12:05,19:13,7h 09m,1 stop,3926.5,Premium Economy,124,Winter,Wednesday,Airbus A320,Mobile App,1,76352.61
FL159732,Etihad Airways,Frankfurt Airport,SIN,2025-05-29,02:15,19:49,17h 34m,2,,Economy,11,Summer,Thursday,Boeing 777,Website,1,148965.97
FL109806,Thai Airways,Doha,Bangkok,2026-03-02,8:15 PM,05:11,536 min,1,5360.5,Economy,4,Summer,Monday,Boeing 777,Third-Party,6,54077.85
FL110040,AirAsia India,Hyderabad,Jaipur Airport,2026-04-18,7:25 PM,9:22 PM,1h 57m,non-stop,1134.8,Economy,14,Summer,Saturday,ATR 72,Airport Counter,1,7807.6
FL161736,Singapore Airlines,LHR,New York Airport,2025-04-27,8:10 AM,16:08,7h 59m,non-stop,5833.5,Economy,52,Summer,,Boeing 787 Dreamliner,Airport Counter,1,62098.68
FL107607,Lufthansa,Bangkok,Jaipur,2026-09-26,2:20 AM,08:06,5h 47m,1,2984.0,Premium Economy,14,,,Boeing 787 Dreamliner,Travel Agent,1,42703.07
FL173696,Lufthansa,London,,2026-06-11,1:20 AM,10:42 AM,9h 22m,1,5576.1,Premium Economy,112,Monsoon,Thursday,Boeing 787 Dreamliner,Airport Counter,1,52688.63
FL107049,British Airways,Sydney,Goa,2026-09-04,12:40 PM,03:29,14h 49m,1 stop,10251.6,,37,Monsoon,Friday,Airbus A320,Mobile App,1,75366.81
FL114551,British Airways,London,Hyderabad,2025-01-26,1:30 AM,3:00 PM,13h 31m,2 stops,8247.3,Premium Economy,32,Winter,Sunday,Boeing 787 Dreamliner,Mobile App,5,100145.17
FL169918,,Frankfurt,GOI,2026-05-14,03:30,4:34 PM,13h 04m,2,7250.8,Economy,0,Summer,Thursday,Airbus A380,Third-Party,2,129460.72
FL109705,Thai Airways,Pune,,2026-01-01,08:15,15:26,432 min,1 stop,3851.6,Economy,44,Winter,Thursday,,Mobile App,4,39872.53
FL109300,Vistara,Ahmedabad,Mumbai Airport,2026-10-07,01:45,2:49 AM,1.07,non-stop,443.8,First,44,Autumn,Wednesday,ATR 72,Airport Counter,1,8872.23
FL193332,Qatar Airways,Bangkok,Hyderabad Airport,2025-01-01,,2:50 AM,5h 10m,1,2427.7,Economy,24,Winter,Wednesday,Airbus A320,Travel Agent,1,28707.46
FL112682,Etihad Airways,Kolkata,SYD,2026-02-20,15:20,6:43 AM,15h 23m,2,9673.4,Economy,124,Winter,Friday,Airbus A380,Website,1,76403.25
FL174800,Vistara,BOM,Kolkata,2025-07-05,15:05,17:50,2h 46m,non-stop,1764.4,Economy,3,Monsoon,Saturday,ATR 72,Mobile App,1,11651.13
FL133626,BRITISH AIRWAYS,Frankfurt Airport,Dubai,2026-02-23,8:00 AM,2:59 PM,6h 59m,0,5061.0,First,0,Winter,Monday,Boeing 787 Dreamliner,Third-Party,,200000
FL176687,,Doha Airport,Pune,2026-08-21,05:10,11:48 AM,6h 39m,2,2511.0,Economy,8,Monsoon,Friday,Boeing 787 Dreamliner,Website,1,30235.85
FL101964,qatar airways,Sydney,DOH,2026-08-29,07:45,2:14 AM,18h 29m,1,12847.2,Premium Economy,8,Monsoon,Saturday,Boeing 777,Website,1,200000
FL119721,SpiceJet,GOI,Kolkata,2025-01-28,2:25 PM,18:29,4h 04m,1,1750.7,Premium Economy,7,Winter,Tuesday,ATR 72,Website,1,20868.09
FL180610,GoFirst,Mumbai,Delhi,2025-01-02,05:20,07:24,2h 05m,0,1230.1,,,Winter,Thursday,ATR 72,Travel Agent,5,15798.88
FL167713,GoFirst,Goa,Ahmedabad,,12:30 AM,3:17 AM,2h 47m,1 stop,916.8,,2,Monsoon,Monday,Airbus A321,Travel Agent,2,6539.02
FL184681,SpiceJet,Pune,Delhi,,04:25,06:30,2h 05m,0,1236.6,Premium Economy,11,Autumn,Monday,ATR 72,Website,1,8492.33
FL158630,Singapore Airlines,Sydney,DXB,2025-12-15,2:50 AM,8:47 PM,17h 57m,1,12616.5,Business,0,Winter,Monday,Airbus A350,Website,1,200000
FL196917,Lufthansa,,Goa,2025-12-31,8:45 AM,21:38,773 min,2,6983.8,Economy,35,Winter,Wednesday,Airbus A350,Website,1,47398.83
FL107426,GoFirst,Bangalore Airport,HYD,2025-12-30,5:40 AM,8:26 AM,2h 46m,1,525.1,Economy,47,Winter,Tuesday,Boeing 737,Website,4,2000
FL168653,SpiceJet,DEL,CCU,2025-03-12,9:15 AM,11:29 AM,2h 15m,0,1359.4,Business,10,Summer,Wednesday,Airbus A320,Third-Party,2,25000
FL141764,Thai Airways,New York,Singapore,2025-03-17,07:50,04:58,1268 min,0,16094.4,Economy,19,Summer,Monday,Airbus A320,,4,200000
FL140360,SINGAPORE AIRLINES,,Jaipur Airport,2025-05-12,10:35 AM,14:11,3h 37m,non-stop,2429.6,Economy,42,,Monday,Airbus A320,Website,3,
FL191520,Air India,Mumbai Airport,Hyderabad Airport,2025-11-22,14:20,15:40,1h 20m,0,656.0,First,9,Autumn,,ATR 72,Mobile App,4,25000
FL160977,Thai Airways,New York Airport,JAI,2025-04-05,10:30,05:56,19h 26m,2,12625.8 km,Economy,11,Summer,Saturday,Airbus A350,Travel Agent,5,113701.15
FL190397,VISTARA,Mumbai,Goa Airport,2026-01-08,03:25,4:29 AM,1h 05m,non-stop,454.8,Economy,10,Winter,Thursday,Airbus A321,Third-Party,2,"Rs. 2,914.09"
FL119958,Vistara,Kolkata,Sydney,2026-07-28,17:55,8:15 AM,14.34,1 stop,9782.2,Economy,36,Monsoon,Tuesday,Boeing 787 Dreamliner,Third-Party,1,70997.29
FL114685,SpiceJet,Ahmedabad,DEL,2026-02-07,02:00,03:32,1h 33m,0,818.5,Business,45,Winter,Saturday,Airbus A320,Mobile App,2,12195.08
FL159843,Singapore Airlines,,DOH,2025-05-09,20:35,00:01,3h 26m,non-stop,2290.9,Economy,6,,Friday,Airbus A320,Website,4,49912.19
FL112999,,Bangalore,Pune,2026-05-10,9:25 AM,10:52,1h 27m,0,746.5,Economy,35,Summer,Sunday,Boeing 737,Website,1,3345.47
FL126512,British Airways,Delhi,London,2025-10-17,01:00,11:28 AM,629 min,1 stop,6782.5 km,Economy,27,Autumn,Friday,Boeing 777,,1,
FL123966,SpiceJet,Goa,JAI,2026-06-14,6:05 PM,20:19,2h 15m,non-stop,1362.1,Economy,0,Monsoon,Sunday,Airbus A320,Travel Agent,4,9710.64
FL164957,air india,Goa,Jaipur,2026-10-15,15:20,5:36 PM,2h 17m,0,1387.1,Economy,106,Autumn,Thursday,ATR 72,Website,one,6189.46
FL143115,Air India,Kolkata,Mumbai,2025-07-10,2:00 AM,04:42,2h 42m,0,1716.0,Business,129,Monsoon,Thursday,Airbus A320,Mobile App,1,"Rs. 23,634.30"
FL114046,GoFirst,Pune,Bangalore,2026-08-16,2:15 AM,3:45 AM,91 min,non-stop,788.8,Economy,10,Monsoon,Sunday,ATR 72,Mobile App,3,4123.51
FL180082,Thai Airways,Bangkok,Singapore,2026-04-29,20:20,22:40,,non-stop,,Economy,3,Summer,Wednesday,Boeing 777,Mobile App,1,26889.71
FL154522,Vistara,Bangalore,PNQ,2026-03-07,,15:23,2h 34m,1,738.4,Premium Economy,6,Summer,Saturday,ATR 72,Website,1,12064.38
FL128759,British Airways,CCU,New York,2025-07-06,09:35,4:59 AM,19h 24m,1,13534.7,Economy,,Monsoon,Sunday,Airbus A320,Website,3,117186.84
FL156455,Lufthansa,Goa,New York,2026-12-18,14:00,9:44 AM,19h 45m,1,13759.6,Economy,8,Winter,Friday,Boeing 777,Mobile App,3,"Rs. 193,780.51"
FL171884,Qatar Airways,GOI,Doha,2026-11-15,6:20 AM,11:21 AM,5h 01m,1,,Premium Economy,37,Autumn,Sunday,Boeing 777,Website,1,36769.62
FL116623,Emirates,Sydney,CCU,2025-05-01,20:00,09:02,13h 03m,0,9787.3,Economy,9,Summer,Thursday,Airbus A350,Website,1,125478.05
FL175790,Qatar Airways,Frankfurt,JFK,2025-06-07,10:30 AM,19:07,518 min,non-stop,6339.2,Economy,41,Monsoon,Saturday,Airbus A380,Website,1,56021.04
FL111596,Indigo,HYD,Jaipur,2026-10-23,01:45,03:43,118 min,0,1144.5,Premium Economy,13,Autumn,Friday,Airbus A321,Travel Agent,2,8398.32
FL131648,Emirates,Chennai Airport,New York Airport,2026-02-12,12:40,08:10,19.51,1,13607.6,Economy,,Winter,Thursday,Airbus A320,Mobile App,,200000
FL180129,Air India,Pune Airport,Jaipur Airport,2026-01-10,00:20,2:03 AM,1h 44m,0,961.7,Business,7,Winter,Saturday,Airbus A320,Third-Party,3,22673.62
FL164368,Qatar Airways,Doha,Dubai,2026-04-28,1:25 PM,15:39,2h 14m,1 stop,378.6,Economy,43,Summer,Tuesday,Airbus A320,Mobile App,2,15000
FL118664,Vistara,London,Bangkok,2025-10-16,04:35,8:20 PM,15h 45m,2,9853.5,Economy,15,Autumn,Thursday,Boeing 777,Mobile App,1,67021.53
FL195829,,Doha,Frankfurt,2026-04-23,04:25,,6h 45m,0,4875.3,Economy,82,Summer,Thursday,Boeing 787 Dreamliner,Website,3,41010.62
FL107919,Emirates,Doha,MAA,2025-12-27,12:10,18:42,6h 33m,1,3375.1,Economy,55,Winter,,Airbus A320,Website,2,44726.25
FL118315,Qatar Airways,BLR,LHR,2026-03-11,14:55,03:59,13.07,1 stop,8498.7,Business,3,Summer,Wednesday,Airbus A350,Travel Agent,6,200000
FL153624,,Sydney,SIN,2026-07-18,18:55,06:16,11.36,,6704.9,Economy,31,,Saturday,Airbus A350,Airport Counter,1,
FL136515,Etihad Airways,GOI,Singapore,2025-04-30,11:15 AM,4:35 PM,5h 20m,0,3770.5,,9,Summer,Wednesday,Boeing 787 Dreamliner,Third-Party,2,200000
FL112975,Emirates,AMD,Bangkok,2026-05-27,5:40 PM,12:25 AM,6.75,2,3292.2,Economy,11,Summer,Wednesday,Airbus A380,Mobile App,1,28693.48
FL160449,British Airways,Doha Airport,Dubai Airport,2025-07-04,17:20,18:20,1h 01m,0,403.0,Economy,35,Monsoon,Friday,Airbus A350,Travel Agent,2,15000
FL155358,Emirates,Doha,Kolkata,2025-09-05,23:00,4:26 AM,5h 26m,0,3852.4,Economy,8,Monsoon,Friday,Airbus A350,Website,2,47768.17
FL194698,Emirates,Chennai,London,2026-07-21,22:30,10:52,,1 stop,8247.8,Economy,66,Monsoon,Tuesday,Boeing 787 Dreamliner,Mobile App,2,81480.37
FL130256,Etihad Airways,Delhi,New York,2025-10-30,01:00,9:19 PM,20h 19m,2,12685.8,Economy,21,Autumn,Thursday,Airbus A320,Website,2,105515.24
FL149649,British Airways,SYD,Dubai,2025-08-13,1:40 AM,7:02 PM,1042 min,1,12125.3,Economy,9,Monsoon,Wednesday,Airbus A380,Mobile App,1,
FL131904,GoFirst,Jaipur,Kolkata,2025-03-25,16:05,20:02,3h 58m,1,1447.0,Economy,20,Summer,Tuesday,Airbus A321,Third-Party,5,6836.65
FL117952,Lufthansa,Sydney,Doha,,2:25 PM,07:33,17h 09m,0,12982.9,Economy,162,Winter,Saturday,Airbus A320,Mobile App,1,159187.69
FL164406,SpiceJet,Jaipur,Bangalore,2025-11-15,8:40 AM,12:55,4h 15m,1 stop,1580.6,,10,Autumn,Saturday,ATR 72,Travel Agent,2,7942.13
FL173726,AIRASIA INDIA,Bangalore,Pune,2026-06-13,03:30,05:00,1h 31m,0,791.1,Economy,40,Monsoon,Saturday,ATR 72,Third-Party,2,4204.09
FL120785,AIRASIA INDIA,PNQ,Bangalore Airport,2025-02-19,19:05,8:36 PM,1h 31m,0,793.3,First,36,Winter,Wednesday,Boeing 737,,2,14597.89
FL128654,air india,Ahmedabad,Bangalore Airport,2025-05-02,08:20,11:54 AM,3h 34m,1 stop,1308.5,Business,44,Summer,Friday,Airbus A321,Website,1,14513.78
FL153452,Indigo,Chennai,Jaipur Airport,2026-04-16,06:10,10:28 AM,4h 18m,1 stop,1654.2,Economy,1,Summer,Thursday,Airbus A320,Travel Agent,5,11117.54
FL167176,thai airways,Pune Airport,DXB,2025-08-29,11:20 AM,5:47 PM,6h 27m,2,2069.9,Economy,34,Monsoon,Friday,Boeing 777,Mobile App,1,15000
FL109358,Etihad Airways,Doha Airport,JAI,2026-11-03,3:40 PM,20:36,4h 56m,1,2444.7,First,5,Autumn,,Boeing 777,Travel Agent,1,148060.08
FL194189,etihad airways,,Singapore,2026-01-21,11:05,16:57,5h 52m,1,3087.4,Economy,1,Winter,Wednesday,Boeing 787 Dreamliner,Travel Agent,1,41345.43
FL186816,SpiceJet,Goa,Bangalore,2026-02-21,,12:49 AM,1h 10m,0,520.0,Premium Economy,6,Winter,Saturday,Airbus A321,Website,2,5424.66
FL127011,Emirates,Mumbai Airport,Bangkok,2026-07-18,7:00 AM,11:21,4h 21m,0,3006.8,Economy,44,Monsoon,Saturday,Airbus A350,Mobile App,1,34498.82
FL117927,Vistara,Goa,,2025-01-24,2:05 PM,5:16 PM,3h 11m,1 stop,771.6,Economy,41,Winter,Friday,Airbus A321,Mobile App,3,4461.38
FL142370,qatar airways,New York Airport,CCU,2025-10-19,16:00,10:00 AM,18h 01m,non-stop,13659.6,Premium Economy,27,,Sunday,Airbus A320,Airport Counter,1,200000
FL166727,Etihad Airways,SIN,Chennai,2025-06-12,08:25,12:54,4h 30m,non-stop,3113.9,Business,35,Monsoon,Thursday,Airbus A380,Mobile App,1,58626.34
FL145460,Lufthansa,Mumbai,DXB,2026-06-05,12:40 AM,3:40 AM,3.01,0,1955.2,Economy,93,Monsoon,Friday,Airbus A350,Website,three,27755.93
FL131013,Singapore Airlines,Singapore,Goa,2025-09-22,9:40 AM,3:00 PM,5.34,non-stop,3778.0,,16,Monsoon,Monday,Boeing 787 Dreamliner,Mobile App,1,40367.98
FL113001,Etihad Airways,Frankfurt Airport,Singapore Airport,2025-03-24,3:50 AM,21:10,17h 20m,2,10706.2,Economy,28,Summer,Monday,Airbus A320,Website,1,94735.97
FL131123,Qatar Airways,Bangalore,Singapore Airport,2026-01-13,5:00 PM,9:39 PM,280 min,0,3246.1,Premium Economy,44,Winter,Tuesday,Airbus A350,Third-Party,2,46087.94
FL133044,British Airways,Chennai,Sydney,2025-08-17,11:30,00:04,12h 35m,non-stop,,Business,25,Monsoon,Sunday,Boeing 777,Mobile App,1,200000
FL169564,Singapore Airlines,London,Bangkok,2026-01-10,5:15 AM,18:31,13h 17m,0,9965.6,Premium Economy,43,Winter,Saturday,Boeing 777,Mobile App,2,200000
FL166032,Singapore Airlines,Doha,Bangalore,2026-04-25,18:45,00:13,5h 28m,1 stop,3074.0,Business,,Summer,Saturday,Airbus A350,Mobile App,3,96160.38
FL188524,Emirates,Doha,Dubai Airport,,9:35 PM,10:34 PM,1h 00m,0,390.0,Economy,27,Autumn,Wednesday,Airbus A320,Website,1,15000
FL174989,qatar airways,Delhi,SYD,2025-12-02,04:20,7:45 PM,15.42,1,10661.0,Economy,22,Winter,Tuesday,Boeing 777,Mobile App,2,135853.12
FL158357,SINGAPORE AIRLINES,Bangalore,New York,2025-01-15,12:10 AM,8:32 PM,20h 23m,1 stop,14151.9,Economy,2,Winter,Wednesday,Airbus A350,Mobile App,3,200000
FL126700,Etihad Airways,Sydney,Goa,2025-12-15,3:55 PM,6:31 AM,14h 37m,1 stop,9890.4,Business,11,,Monday,Airbus A320,Third-Party,2,200000
FL105946,Vistara,Goa,Hyderabad,2025-07-20,03:45,4:57 AM,1h 13m,0,555.2,First,133,Monsoon,Sunday,Airbus A321,Travel Agent,2,13725.17
FL183432,British Airways,Chennai,Frankfurt,2025-03-21,2:25 AM,13:02,10h 38m,non-stop,7898.2,Business,28,Summer,Friday,Airbus A320,Mobile App,2,200000
FL160760,British Airways,Frankfurt Airport,Mumbai,2026-07-27,08:05,6:01 PM,9h 57m,1 stop,6567.8,Economy,22,Monsoon,Monday,Boeing 777,Mobile App,1,81601.45
FL147450,British Airways,Delhi,Sydney Airport,2025-06-21,15:30,7:16 AM,15h 46m,1,10551.0,Premium Economy,12,Monsoon,,Airbus A380,Travel Agent,2,191148.41
FL170337,Lufthansa,Sydney,,2026-10-25,5:05 AM,20:45,,2 stops,10244.1,,11,Autumn,Sunday,Airbus A320,Mobile App,1,127646.49
FL123533,Thai Airways,Dubai,,,12:15,8:23 PM,8h 09m,0,5964.5,Economy,21,Monsoon,Saturday,Boeing 777,Mobile App,3,72318.74
FL139085,Etihad Airways,Jaipur,Dubai,2026-07-09,5:35 AM,09:56,4h 21m,1,2080.5,Economy,160,Monsoon,Thursday,,Website,1,15000
FL138994,british airways,Ahmedabad Airport,Singapore,2026-08-18,20:15,02:04,5h 50m,non-stop,4153.8,Economy,26,,Tuesday,Airbus A320,Travel Agent,4,50153.17
FL187822,AirAsia India,Hyderabad,Mumbai,,06:40,09:28,,1 stop,668.9,,17,Monsoon,Wednesday,ATR 72,Travel Agent,2,2130.47
FL112931,Emirates,Doha Airport,CCU,2026-12-11,4:50 PM,22:18,5h 29m,0,3886.1,Economy,13,Winter,Friday,Boeing 777,Third-Party,1,"Rs. 53,287.47"
FL188847,Air India,LHR,DXB,2025-08-19,,9:18 AM,549 min,1,5908.5,Business,22,Monsoon,Tuesday,Airbus A350,Mobile App,2,133435.3
FL115940,Singapore Airlines,Jaipur,Singapore,2025-04-21,18:55,2:29 AM,454 min,1 stop,4394.9,Economy,44,Summer,Monday,Airbus A320,Travel Agent,2,46937.98
FL185425,British Airways,Sydney,Doha Airport,2026-06-06,12:50 PM,,16h 35m,non-stop,12543.3,Economy,72,Monsoon,Saturday,,Mobile App,6,161503.94
FL100576,Vistara,Bangkok,Goa,2026-05-01,00:25,6:12 AM,5h 48m,1 stop,3058.9,Economy,9,Summer,Friday,Airbus A350,Website,2,40535.46
FL187317,Indigo,Mumbai,Goa Airport,2025-07-22,09:25,11:30 AM,2h 06m,1 stop,447.2,Economy,40,Monsoon,Tuesday,Boeing 737,Mobile App,2,2000
FL108945,Air India,Ahmedabad Airport,,2025-12-11,16:10,6:33 PM,2h 23m,1 stop,470.4,Economy,,Winter,Thursday,ATR 72,Website,2,2555.74
FL104055,GoFirst,Kolkata Airport,Mumbai,2025-02-04,10:25,2:06 PM,3.70,1 stop,1678.3,Business,39,Winter,Tuesday,Airbus A320,Website,4,14566.31
FL105115,GoFirst,Chennai Airport,Goa,2026-08-02,3:25 AM,4:54 AM,90 min,,776.6,Economy,5,Monsoon,Sunday,Airbus A321,Travel Agent,1,4426.61
FL183274,Qatar Airways,Bangkok,JAI,2026-10-04,16:50,,5h 35m,1,2964.5,Business,,Autumn,Sunday,Airbus A320,Airport Counter,1,86898.26
FL113748,British Airways,Chennai,New York,2026-11-10,10:30 AM,5:44 AM,19h 15m,1,13616.8,Premium Economy,121,Autumn,Tuesday,Airbus A350,Third-Party,3,149080.1
FL115938,Lufthansa,Sydney Airport,New York Airport,2026-09-05,3:10 PM,3:48 PM,24h 39m,2,17045.8,Economy,151,Monsoon,Saturday,Airbus A380,Mobile App,2,111317.16
FL196310,Thai Airways,New York,Bangalore,2026-06-24,11:40 PM,5:50 PM,18h 11m,0,13790.6,Economy,26,Monsoon,Wednesday,Airbus A320,Third-Party,1,157973.36
FL152706,AIRASIA INDIA,JAI,AMD,2025-09-14,9:20 PM,22:34,75 min,0,579.2,First,2,Monsoon,Sunday,Boeing 737,Website,2,19365.14
FL194546,AirAsia India,Pune Airport,Bangalore Airport,,17:00,18:27,1h 28m,0,750.3,First,40,Monsoon,Monday,ATR 72,Website,2,9156.31
FL168139,Air India,Mumbai,Ahmedabad,2026-02-16,17:05,8:15 PM,190 min,2 stops,454.8,Premium Economy,33,Winter,Monday,Airbus A320,Website,3,2618.57
FL118160,Vistara,Dubai Airport,Bangalore,2025-05-04,8:30 PM,2:16 AM,5h 46m,1,2712.6,Economy,23,Summer,Sunday,Airbus A380,Travel Agent,1,21214.09
FL150516,,,London,2026-02-09,3:05 AM,,15.88,2 stops,10024.4,Economy,133,Winter,Monday,Airbus A350,Travel Agent,2,65183.11
FL170118,Vistara,Doha,LHR,2026-04-17,16:10,23:50,7h 40m,non-stop,5590.0,Economy,10,Summer,Friday,Airbus A350,Third-Party,2,93927.05
FL125794,Qatar Airways,,Dubai,2025-08-04,4:50 PM,19:31,2h 41m,1,404.2,Economy,6,Monsoon,Monday,Airbus A350,Travel Agent,5,15000
FL138266,Thai Airways,New York,Bangalore,2025-03-15,10:20,06:12,19h 53m,1 stop,13965.2,Premium Economy,26,Summer,Saturday,Airbus A350,Website,5,200000
FL109925,SpiceJet,Goa,Ahmedabad Airport,2025-11-12,13:40,4:55 PM,,,880.6,Economy,11,Autumn,Wednesday,ATR 72,Website,2,3185.6
FL106339,Thai Airways,SYD,Bangalore,2025-03-07,02:00,18:02,16h 02m,2,9465.4,Business,7,Summer,Friday,Airbus A320,Website,3,200000
FL103790,,AMD,Hyderabad,2026-07-29,,07:32,3h 07m,1 stop,932.7,Economy,53,Monsoon,Wednesday,Airbus A321,Travel Agent,2,3605.71
FL181602,air india,Pune,Kolkata,2025-06-30,1:45 AM,,6.10,2 stops,1626.8,Economy,23,Monsoon,Monday,ATR 72,Website,1,7355.75
FL171124,AirAsia India,Hyderabad,Pune,2026-05-27,8:25 PM,21:34,1h 10m,non-stop,513.9,,17,Summer,Wednesday,Boeing 737,Third-Party,1,4996.33
FL130675,Singapore Airlines,Dubai,Bangalore,2026-05-24,15:05,20:27,5h 22m,1,2908.3,,11,Summer,Sunday,Boeing 787 Dreamliner,Mobile App,2,40258.28
FL135070,GoFirst,Bangalore,MAA,2026-10-02,13:00,16:50,3h 50m,2 stops,304.9,Economy,22,Autumn,Friday,,Mobile App,2,2000
FL162499,Qatar Airways,Dubai,SYD,2025-11-13,9:20 AM,02:02,16h 42m,non-stop,12638.4,Economy,2,Autumn,Thursday,Airbus A320,Travel Agent,1,200000
FL148223,Emirates,Singapore,Delhi,2025-12-20,20:55,04:27,7h 33m,1 stop,,Economy,64,Winter,Saturday,Airbus A350,Travel Agent,2,47817.93
FL124219,Qatar Airways,GOI,Bangkok Airport,2025-02-19,18:20,10:32 PM,4.21,0,2895.3,Economy,138,Winter,Wednesday,Boeing 787 Dreamliner,Mobile App,1,29866.57
FL126423,Etihad Airways,Singapore,,2026-09-12,12:05 PM,22:20,10h 15m,1,6366.6,Business,158,Monsoon,Saturday,Airbus A320,,6,
FL196320,Lufthansa,SYD,Pune,2025-12-16,15:20,06:57,15h 38m,1,10761.6,Economy,3,Winter,Tuesday,,Travel Agent,2,180375.26
FL139461,Qatar Airways,Mumbai Airport,DXB,2025-10-09,21:10,1:35 AM,4h 25m,1 stop,2080.6 km,Economy,5,Autumn,Thursday,Boeing 787 Dreamliner,,3,25703.85
FL192087,spicejet,Delhi,Jaipur,2026-10-29,7:25 PM,21:38,2h 13m,1,244.8,Economy,23,Autumn,Thursday,Boeing 737,Website,1,"Rs. 2,000.00"
FL175250,British Airways,Pune,Doha,2025-02-01,1:55 PM,6:41 PM,4h 46m,1,2539.0,Economy,29,Winter,Saturday,Airbus A350,Mobile App,3,22085.21
FL107274,thai airways,SYD,Doha Airport,2025-04-24,1:20 AM,6:37 PM,17h 17m,0,13091.1,Economy,9,Summer,Thursday,Boeing 787 Dreamliner,Airport Counter,5,200000
FL143877,Lufthansa,Jaipur,Doha,2026-03-06,13:45,5:25 PM,3h 40m,0,2471.0,Economy,11,Summer,Friday,Boeing 777,Mobile App,1,34517.17
FL135812,Qatar Airways,Ahmedabad Airport,Doha,2025-08-19,3:35 PM,20:29,4h 54m,1,2293.4,Economy,,Monsoon,Tuesday,Boeing 777,Travel Agent,4,
FL179879,Singapore Airlines,Doha,Bangkok,2025-12-27,12:20,7:52 PM,453 min,non-stop,5496.0,Economy,2,Winter,Saturday,Boeing 787 Dreamliner,Travel Agent,2,100623.67
FL183197,Etihad Airways,Pune,London,2025-11-10,6:55 PM,06:41,11h 46m,1,7597.4,Economy,,Autumn,Monday,Boeing 787 Dreamliner,Website,3,139738.37
FL191151,Qatar Airways,London,Mumbai,2026-08-13,06:50,6:34 PM,11h 44m,1,7474.9,Economy,31,Monsoon,Thursday,Boeing 787 Dreamliner,Website,2,78753.1
FL157853,Lufthansa,SIN,Delhi,2025-09-19,16:05,11:15 PM,7h 10m,1 stop,4403.7,Economy,6,Monsoon,Friday,Airbus A350,Website,4,52232.02
FL116483,Thai Airways,Frankfurt,BLR,2025-12-20,00:45,13:02,,1 stop,7870.2,Premium Economy,18,Winter,Saturday,Airbus A350,Website,6,140228.94
FL153667,Thai Airways,Singapore Airport,Chennai Airport,2026-01-14,8:15 PM,00:43,4h 29m,0,3101.7,Economy,3,Winter,Wednesday,Airbus A320,Website,2,50435.68
FL113504,Etihad Airways,Doha,Pune,2025-06-10,21:40,3:06 AM,5h 26m,1,2525.3,First,44,Monsoon,Tuesday,Airbus A320,Website,1,95623.75
FL129668,British Airways,,Bangkok,2026-12-19,,06:24,4h 30m,0,3117.2,Economy,11,,Saturday,,Website,1,47899.69
FL103567,VISTARA,DEL,JAI,2026-11-04,00:45,01:33,,0,238.3,Economy,9,Autumn,Wednesday,ATR 72,Third-Party,2,2000
FL107731,Singapore Airlines,Bangkok Airport,Kolkata,,02:30,06:22,3h 52m,,1694.0,Economy,28,Winter,Saturday,Airbus A350,Third-Party,1,20021.75
FL166685,thai airways,Kolkata,Singapore,2026-05-15,13:40,19:08,5h 29m,1,3030.3,Economy,13,Summer,Friday,Airbus A380,Mobile App,2,31521.27
FL129384,Qatar Airways,Singapore,Ahmedabad,2025-01-27,10:45,4:42 PM,5h 58m,0,4261.9,Economy,17,Winter,Monday,Boeing 787 Dreamliner,Website,5,"Rs. 36,882.45"
FL125292,Thai Airways,London,Mumbai,2025-01-26,9:40 PM,7:44 AM,10h 04m,non-stop,7468.3,Economy,7,Winter,Sunday,Airbus A380,,3,113349.39
FL112994,Etihad Airways,Sydney,LHR,2025-09-16,04:35,05:12,24.63,1,17478.1,Economy,39,Monsoon,Tuesday,Airbus A350,Website,6,112196.9
FL157505,Lufthansa,AMD,Dubai Airport,2026-09-20,03:05,09:29,6h 25m,2,1855.8,Economy,5,Monsoon,Sunday,Airbus A380,Travel Agent,3,
FL146170,Etihad Airways,Goa,Frankfurt,2026-11-16,20:30,6:28 AM,9h 59m,non-stop,7390.6,,81,Autumn,Monday,Boeing 777,Website,1,52439.95
FL161518,,Sydney,Singapore,2025-11-08,11:25,22:08,643 min,1,6699.2,Business,139,Autumn,Saturday,Airbus A350,Travel Agent,3,164968.46
FL112337,AirAsia India,BLR,Delhi Airport,2025-08-19,2:05 PM,18:06,4h 02m,1 stop,1862.1,Economy,14,Monsoon,Tuesday,Airbus A321,Website,1,9178.18
FL107958,British Airways,Mumbai,SYD,2026-09-18,2:50 AM,,13h 45m,0,10328.7,Premium Economy,28,Monsoon,,Boeing 787 Dreamliner,Website,2,190096.08
FL191742,GoFirst,Hyderabad Airport,Bangalore,2025-03-25,9:15 AM,10:23 AM,1h 09m,0,507.0,Economy,18,Summer,Tuesday,Airbus A321,Mobile App,4,2916.69
FL136423,Qatar Airways,Singapore,Chennai,2025-01-26,9:00 PM,3:16 AM,6h 16m,1 stop,3128.0,Premium Economy,161,Winter,Sunday,Airbus A380,Third-Party,2,46576.31
FL169645,Thai Airways,SYD,Dubai,2025-12-17,17:40,11:19,17h 40m,1,12518.3,Economy,,Winter,Wednesday,Boeing 777,Mobile App,5,145755.69
FL151786,BRITISH AIRWAYS,Singapore,BLR,2025-07-30,6:25 PM,12:14 AM,5h 50m,1,3295.0,Economy,15,Monsoon,Wednesday,,Travel Agent,1,33362.98
FL160175,INDIGO,Delhi,Kolkata,2026-01-14,,07:39,3h 20m,1,1406.7,Economy,1,Winter,Wednesday,Airbus A321,Third-Party,,11116.35
FL165623,Thai Airways,Sydney,PNQ,2025-07-17,3:45 AM,19:33,15h 49m,1,10590.0,Economy,13,Monsoon,Thursday,Boeing 787 Dreamliner,Third-Party,3,140497.83
FL105049,Emirates,DOH,Goa,2026-01-27,12:40,17:49,5h 09m,1 stop,2654.7,Premium Economy,,Winter,Tuesday,Airbus A320,Travel Agent,2,41014.68
FL108604,Emirates,BKK,FRA,2025-10-23,12:15 AM,14:41,14h 27m,1,,Economy,0,Autumn,Thursday,Airbus A380,Mobile App,1,160343.47
FL188458,ETIHAD AIRWAYS,,Chennai,2026-04-03,06:25,11:21,4.93,non-stop,3458.5,Economy,22,Summer,Friday,Airbus A380,Mobile App,3,66538.69
FL171723,Air India,Hyderabad,Bangalore,2026-07-18,12:50,3:27 PM,,1,508.3,Economy,0,Monsoon,Saturday,Airbus A320,Mobile App,3,3603.96
FL143119,Singapore Airlines,Goa,DXB,2025-12-09,,08:38,,1,2282.0 km,Economy,24,Winter,Tuesday,Boeing 787 Dreamliner,Website,1,575934.3
FL122753,Etihad Airways,Mumbai,SYD,2026-06-11,04:50,20:16,15.43,1,10599.8 km,Business,85,Monsoon,Thursday,Airbus A320,Mobile App,1,186629.23
FL131236,Lufthansa,Sydney,Jaipur,2025-10-22,6:45 PM,10:23 AM,15h 39m,1,10810.0,,9,Autumn,Wednesday,Boeing 787 Dreamliner,Third-Party,2,126251.18
FL144699,Thai Airways,Singapore,Goa,2026-03-09,11:00 PM,05:59,,1 stop,3703.3,,41,Summer,,Airbus A380,Website,2,47705.83
FL170182,Singapore Airlines,New York,FRA,2026-10-12,10:50 AM,21:08,10h 18m,1 stop,6534.9,Economy,34,Autumn,,Boeing 787 Dreamliner,Mobile App,2,73773.68
FL173428,Emirates,London,Singapore,2025-10-16,21:10,,,0,11423.9,Economy,18,Autumn,Thursday,Airbus A380,Website,2,103407.72
FL177126,SpiceJet,Delhi,HYD,2026-02-25,2:40 PM,16:50,2.18,0,,Economy,42,Winter,Wednesday,ATR 72,Mobile App,3,5686.06
FL152656,Emirates,DXB,Bangalore,2026-09-09,18:25,00:07,5h 43m,1,2709.2,Economy,6,Monsoon,Wednesday,Airbus A350,Travel Agent,1,32725.41
FL183603,Singapore Airlines,,BLR,2025-01-19,,07:24,6h 00m,1,3174.8,Premium Economy,74,Winter,Sunday,Boeing 777,Mobile App,1,50281.93
FL193076,Etihad Airways,CCU,Bangkok,2026-09-25,13:25,4:07 PM,2h 42m,0,1718.0,Economy,,Monsoon,Friday,Airbus A380,Website,,18635.15
FL166661,SpiceJet,Mumbai Airport,Chennai,,00:05,03:32,3.45,1,1079.8,Economy,,Autumn,Thursday,ATR 72,Third-Party,6,5000.71
FL185976,GOFIRST,Delhi,Bangalore Airport,2025-12-15,10:50,2:52 PM,243 min,1,1845.6,Economy,14,Winter,Monday,Boeing 737,Travel Agent,1,11438.04
FL147683,Lufthansa,,Ahmedabad,2026-11-13,17:05,11:20 AM,18h 16m,1,12524.3,Economy,5,Autumn,Friday,Airbus A350,Website,2,166596.52
FL111906,British Airways,DOH,JAI,2025-04-06,5:35 PM,,5.12,1,2479.4,Premium Economy,107,Summer,Sunday,Boeing 787 Dreamliner,Third-Party,3,29516.6
FL112470,Vistara,Ahmedabad,Bangalore Airport,2025-12-04,02:40,6:03 AM,3h 23m,1 stop,1316.3,Economy,42,Winter,Thursday,Airbus A321,Travel Agent,1,5304.98
FL151918,Emirates,London,JAI,2025-05-18,2:20 AM,13:02,10h 42m,1,7092.0,Economy,6,Summer,Sunday,Airbus A350,Airport Counter,2,"Rs. 84,070.99"
FL116415,Vistara,JAI,Sydney,2026-09-06,4:40 AM,7:58 PM,15h 18m,1 stop,10698.8,Economy,12,Monsoon,Sunday,Boeing 777,Mobile App,1,85067.6
FL187401,Thai Airways,,,2025-10-22,9:15 PM,19:03,21h 49m,1,15450.1,Economy,2,Autumn,Wednesday,Boeing 777,Website,1,
FL113436,Etihad Airways,Bangalore,Bangkok Airport,2026-08-13,09:20,1:01 PM,3h 42m,0,2489.7,Premium Economy,20,Monsoon,Thursday,Boeing 777,Travel Agent,1,36749.74
FL185655,British Airways,Bangkok,Pune,2026-08-30,5:15 AM,11:59,6h 45m,2 stops,2924.3,Economy,7,Monsoon,Sunday,Boeing 787 Dreamliner,Website,2,37419.68
FL168795,Qatar Airways,Kolkata Airport,DOH,2026-06-05,7:35 PM,1:04 AM,5h 30m,non-stop,3895.2,Premium Economy,35,Monsoon,Friday,Airbus A380,Mobile App,1,49482.52
FL187105,,Bangalore,Pune Airport,2025-04-11,07:10,11:38,4h 29m,2,,Economy,102,Summer,Friday,Airbus A321,Travel Agent,5,2986.86
FL158881,Emirates,JFK,JAI,2025-12-17,15:00,10:42,19h 43m,2,12590.4,Economy,37,Winter,Wednesday,Boeing 777,Mobile App,1,102003.24
FL163000,Lufthansa,New York Airport,Kolkata,2026-02-19,23:30,17:25,1075 min,0,13590.7,First,162,Winter,Thursday,Airbus A350,Mobile App,1,200000
FL178772,AirAsia India,Ahmedabad Airport,Hyderabad,2026-09-25,06:35,08:13,1h 39m,0,893.1,Economy,12,Monsoon,Friday,ATR 72,Mobile App,4,4925.58
FL188716,Singapore Airlines,Singapore,Pune,,12:35,6:11 PM,5h 36m,0,3980.7,First,5,,Thursday,Boeing 777,Mobile App,4,"Rs. 200,000.00"
FL134384,British Airways,Bangkok,Chennai,2026-07-16,02:40,06:06,3h 26m,non-stop,2290.5,Economy,176,Monsoon,Thursday,Airbus A380,Website,1,27510.82
FL184458,Singapore Airlines,Pune,SIN,2025-01-17,12:00 AM,05:36,5h 37m,,3987.9,Economy,4,Winter,Friday,Airbus A320,Mobile App,2,79516.41
FL130742,Lufthansa,Frankfurt,Kolkata,2025-07-20,02:05,1:52 PM,11h 48m,1 stop,7714.3,Economy,110,Monsoon,Sunday,Airbus A380,Website,1,72735.28
FL193345,Indigo,Delhi,Goa Airport,2026-12-29,16:15,,3h 37m,1,1531.4,Premium Economy,9,Winter,Tuesday,Boeing 737,Airport Counter,1,13675.26
FL122410,Emirates,Jaipur Airport,Sydney,,,12:43 AM,939 min,1 stop,10555.5,First,22,Winter,Wednesday,Boeing 787 Dreamliner,Travel Agent,1,200000
FL140955,British Airways,Doha,Goa,2025-11-09,3:35 AM,7:34 AM,3h 59m,,2721.7,Economy,18,Autumn,Sunday,Boeing 777,Mobile App,1,28073.77
FL173828,Emirates,BKK,Chennai,2025-04-04,16:35,9:01 PM,4h 27m,1,2254.8,Economy,34,Summer,Friday,Boeing 787 Dreamliner,Mobile App,2,18868.14
FL138020,British Airways,Sydney Airport,,2026-11-21,,18:24,15h 59m,1 stop,10699.5,Business,27,Autumn,Saturday,Airbus A320,Website,1,200000
FL135894,British Airways,Frankfurt,,,22:40,1:24 AM,2h 44m,1 stop,672.3,Business,21,Summer,Thursday,Boeing 777,Mobile App,2,25444.06
FL172127,thai airways,Bangalore,Singapore,2025-02-15,05:30,10:10,4h 41m,0,3260.7,Business,158,Winter,Saturday,Boeing 777,Website,1,103800.73
FL151834,GOFIRST,Bangalore,Jaipur,2026-01-30,21:00,12:45 AM,3h 46m,1,1618.5,Economy,165,,Friday,Airbus A321,Airport Counter,1,7792.48
FL125290,air india,BOM,PNQ,2026-10-02,01:10,01:55,0.75,non-stop,150,Premium Economy,5,Autumn,Friday,Boeing 737,Travel Agent,2,2000
FL184760,AirAsia India,Ahmedabad,Mumbai,2025-08-01,3:05 PM,16:10,1h 06m,non-stop,466.9,Economy,9,Monsoon,Friday,Boeing 737,Website,two,3164.08
FL196100,Thai Airways,Jaipur Airport,London,2026-11-25,11:40,22:21,642 min,1,6987.7,Economy,16,Autumn,Wednesday,Airbus A350,Mobile App,1,86320.67
FL177649,Indigo,Jaipur,CCU,2025-05-08,10:45 AM,14:08,,1 stop,1466.0,Premium Economy,2,Summer,Thursday,ATR 72,Travel Agent,1,20231.22
FL107761,Thai Airways,Dubai,JFK,2025-08-02,17:35,9:02 AM,15h 27m,0,11661.6,Economy,9,Monsoon,,Boeing 777,Website,,
FL167513,ETIHAD AIRWAYS,London,BLR,2026-04-20,10:45,11:16 PM,12h 32m,1,8127.7,Premium Economy,5,Summer,Monday,Boeing 787 Dreamliner,Travel Agent,3,123497.33
FL196230,Thai Airways,Singapore,Dubai,2025-06-14,05:55,17:27,11h 33m,2,5913.9,Economy,2,Monsoon,Saturday,Airbus A320,Mobile App,2,102739.77
FL172539,Air India,Doha,London,2025-07-19,08:00,17:05,9h 05m,1,5593.2,Economy,98,Monsoon,Saturday,Airbus A350,Website,2,30425.67
FL119258,AIR INDIA,Singapore,Sydney Airport,2025-01-31,,18:27,11h 38m,2 stops,6694.8,Premium Economy,37,Winter,Friday,Airbus A380,Travel Agent,5,
FL158859,Emirates,New York,Mumbai,2026-05-13,,00:22,19h 07m,1 stop,13188.8,Economy,36,Summer,Wednesday,Boeing 787 Dreamliner,Mobile App,3,114003.02
FL110426,Etihad Airways,New York,London,2026-11-16,4:45 AM,14:08,9h 23m,1,6007.5,Economy,13,,Monday,Airbus A350,Mobile App,3,80316.91
FL161286,Thai Airways,Mumbai,Dubai Airport,2025-12-14,12:55 PM,15:56,182 min,0,1972.1,Economy,0,Winter,Sunday,Boeing 777,Website,2,55362.67
FL139809,Indigo,CCU,Pune Airport,2026-07-29,20:40,12:53 AM,4h 13m,1,1690.3,Economy,0,Monsoon,Wednesday,Airbus A321,Website,1,
FL171115,singapore airlines,Singapore Airport,Bangkok,2026-08-10,,10:59,2.40,non-stop,1484.4,Economy,11,Monsoon,Monday,Boeing 787 Dreamliner,Mobile App,1,20123.76
FL147545,Lufthansa,Frankfurt Airport,Goa Airport,2025-07-03,20:50,08:01,11h 11m,1,7400.1,Economy,5,Monsoon,Thursday,Boeing 777,Mobile App,1,99417.14
FL123561,Singapore Airlines,Ahmedabad,Doha,2025-07-09,07:40,10:56,3h 16m,non-stop,2164.3,Business,9,Monsoon,Wednesday,Airbus A320,Website,2,100987.61
FL120027,Lufthansa,Bangkok,SYD,,02:20,12:53 PM,10h 34m,0,7846.2,Economy,20,Winter,Monday,Boeing 787 Dreamliner,Travel Agent,2,99797.73
FL104320,Emirates,FRA,,2026-06-04,23:10,8:52 AM,9h 42m,2 stops,4793.9,Economy,32,Monsoon,Thursday,Boeing 787 Dreamliner,Website,2,32611.51
FL150685,Indigo,DEL,Kolkata,2026-05-04,7:50 AM,10:08,2h 18m,0,1406.5,Premium Economy,99,Summer,Monday,ATR 72,Airport Counter,1,8030.63
FL183002,Qatar Airways,London Airport,Chennai,2025-05-12,17:50,06:03,,1,8250.9,Premium Economy,44,Summer,Monday,Boeing 777,Third-Party,3,101323.19
FL136574,,Chennai Airport,LHR,2026-02-17,11:50,02:13,863 min,,8787.6,Economy,154,Winter,Tuesday,Airbus A380,Mobile App,5,73273.6
FL180439,air india,JFK,SYD,2026-04-13,9:35 PM,10:33 PM,24h 58m,2,16438.3,Premium Economy,0,Summer,Monday,Boeing 777,Website,1,200000
FL177697,GoFirst,BOM,Bangalore,2026-06-17,05:05,08:10,,1,845.5,Economy,43,Monsoon,,Airbus A321,Mobile App,1,3058.89
FL136474,Thai Airways,Dubai Airport,London,2026-04-09,2:50 AM,11:51,9h 01m,1,5796.5,Economy,17,Summer,Thursday,Airbus A320,Travel Agent,2,69525.97
FL189398,GoFirst,Goa,Delhi,2026-01-24,04:55,,2h 30m,0,1557.6,Premium Economy,13,Winter,,Airbus A321,Mobile App,1,19833.62
FL172864,Thai Airways,Dubai,Mumbai Airport,2025-04-04,06:25,10:26,242 min,,1963.4,Economy,125,Summer,Friday,Airbus A350,Website,1,19584.73
FL112686,SpiceJet,,Ahmedabad,2026-07-19,10:10,11:48,,0,885.8,Premium Economy,25,Monsoon,Sunday,Boeing 737,Website,2,6176.4
FL102020,Thai Airways,Doha,Sydney,2026-07-05,2:50 PM,9:51 AM,19h 02m,1,13290.1,Economy,35,Monsoon,Sunday,Airbus A350,Travel Agent,2,
FL143909,Indigo,Jaipur Airport,Kolkata,2025-06-23,10:25 AM,,2h 15m,0,1365.7,Economy,42,Monsoon,Monday,ATR 72,Third-Party,2,4317.34
FL196200,Emirates,London,,2025-03-09,10:40 PM,12:02 AM,,0,685.0,Premium Economy,5,,Sunday,Airbus A320,Mobile App,1,15130.31
FL190556,British Airways,Dubai Airport,Hyderabad Airport,2025-06-20,11:40,3:36 PM,237 min,0,2685.6,Economy,37,Monsoon,Friday,Airbus A320,Mobile App,2,28474.22
FL127900,Emirates,Ahmedabad,Bangkok,2026-05-05,8:35 PM,02:19,5h 45m,1 stop,3197.7,Business,10,Summer,Tuesday,Boeing 777,Website,2,109756.68
FL124350,SpiceJet,Chennai,DEL,2025-07-07,,11:54 AM,2.83,0,1820.0,Economy,38,Monsoon,,Boeing 737,Mobile App,1,6844.09
FL112613,Air India,Kolkata,Doha,2026-10-09,11:50 AM,6:23 PM,6h 33m,,3841.6,Economy,63,Autumn,Friday,Boeing 777,Website,4,22809.41
FL121717,Qatar Airways,London Airport,Ahmedabad,2025-12-24,10:25 PM,09:55,11h 30m,1,7356.8,Premium Economy,68,Winter,Wednesday,Boeing 787 Dreamliner,Website,4,119593.01
FL123149,British Airways,Sydney Airport,Frankfurt,2025-08-08,6:55 PM,6:51 PM,23h 57m,1 stop,,First,19,Monsoon,Friday,Airbus A320,Website,6,200000
FL137472,,Hyderabad Airport,Jaipur,2026-04-17,9:10 PM,11:06 PM,1h 56m,non-stop,1124.4,,36,Summer,Friday,Boeing 737,Website,,
FL137854,SpiceJet,MAA,Mumbai,2025-01-09,7:50 PM,9:39 PM,1h 49m,0,1033.4,Economy,0,Winter,Thursday,Airbus A320,Mobile App,1,11705.01
FL169326,Indigo,Bangalore Airport,Pune,2025-03-22,03:20,06:20,3h 00m,1 stop,770.9,Premium Economy,66,Summer,Saturday,Boeing 737,Website,6,4318.03
FL195295,AirAsia India,,Mumbai,2025-01-08,06:55,8:38 AM,1h 43m,non-stop,955.2,Economy,23,Winter,Wednesday,Airbus A320,Website,1,6101.05
FL139258,,BLR,Ahmedabad,2026-04-13,11:50,13:57,2.12,0,1262.4,Economy,31,Summer,Monday,Airbus A320,Website,2,5709.63
FL106887,Singapore Airlines,JFK,Dubai,2025-02-08,17:55,10:37 AM,16h 42m,1 stop,11401.8,Economy,34,Winter,Saturday,Airbus A320,Travel Agent,3,172560.08
FL162168,AirAsia India,Mumbai,Pune,2025-02-15,01:15,05:00,3h 46m,2 stops,150,Economy,15,Winter,Saturday,Airbus A320,Third-Party,1,2000
FL168839,Etihad Airways,Pune,Frankfurt Airport,2026-04-14,21:15,08:20,11h 05m,1 stop,7117.2,Economy,21,Summer,Tuesday,Boeing 787 Dreamliner,Website,1,91589.65
FL197469,GoFirst,Delhi,Jaipur Airport,2026-04-14,19:25,21:33,129 min,,245.6,First,14,Summer,Tuesday,Boeing 737,Mobile App,2,5728.82
FL111482,Vistara,MAA,Goa,2026-09-27,,17:21,2h 56m,1 stop,,Economy,44,Monsoon,Sunday,ATR 72,Airport Counter,3,4031.6
FL159660,Vistara,Ahmedabad,Chennai,2025-10-31,,09:52,3h 17m,1,1395.2,Economy,1,Autumn,Friday,Airbus A321,Website,5,11093.32
FL131880,Etihad Airways,Singapore,Sydney,2025-09-01,05:50,6:13 PM,12h 23m,2,6704.4 km,Economy,18,Monsoon,Monday,Boeing 777,Travel Agent,3,60947.65
FL101394,British Airways,Dubai Airport,,,09:35,15:58,6h 24m,2,2601.5,Economy,38,Monsoon,Saturday,,Third-Party,1,19038.92
FL175472,Emirates,London,Goa Airport,2026-10-29,12:15,00:15,12h 00m,1,8000.5,Economy,4,Autumn,Thursday,Airbus A380,Travel Agent,1,123740.39
FL121098,Thai Airways,Bangkok,Jaipur,2026-05-27,03:25,9:29 AM,6h 05m,1,3181.7,Economy,15,Summer,Wednesday,Boeing 787 Dreamliner,Website,1,42402.55
FL196626,Singapore Airlines,CCU,Frankfurt,2025-03-13,05:35,18:06,12h 32m,2 stops,7539.7,Economy,66,Summer,Thursday,Airbus A320,Mobile App,1,43673.72
FL174436,Singapore Airlines,Dubai,DEL,2025-10-20,15:25,22:00,6h 35m,2 stops,2357.1 km,Economy,12,Autumn,Monday,Boeing 787 Dreamliner,Travel Agent,6,23067.16
FL102988,Lufthansa,SIN,Bangkok,2026-05-11,19:00,,2.40,0,1480.1,Economy,40,Summer,Monday,Boeing 787 Dreamliner,Website,2,18611.46
FL130660,Air India,London,Chennai,2026-05-07,05:35,17:55,12h 20m,1 stop,8393.8,Economy,36,Summer,Thursday,Airbus A350,Travel Agent,2,82540.32
FL170565,,Bangalore,Kolkata Airport,2026-11-26,13:00,17:15,4h 15m,1,1653.6,Economy,140,Autumn,Thursday,Boeing 737,Travel Agent,1,6801.8
FL184562,Singapore Airlines,Doha Airport,Jaipur,2025-05-22,01:30,06:28,4h 59m,1,2425.8,Economy,152,Summer,Thursday,,Website,1,19802.59
FL133187,qatar airways,Bangalore,LHR,2025-02-09,7:00 PM,06:00,,,8201.5,Economy,1,Winter,Sunday,Boeing 777,Travel Agent,2,
FL179136,QATAR AIRWAYS,Ahmedabad Airport,Dubai,2025-02-26,11:50,2:41 PM,2h 52m,0,,Economy,3,Winter,,Boeing 777,Travel Agent,3,37463.49
FL101241,Indigo,BOM,Jaipur,2026-03-07,14:15,17:18,3.06,,947.2,Economy,5,Summer,,Airbus A321,Mobile App,,5721.0
FL176712,Vistara,Kolkata,GOI,2026-10-29,4:20 AM,08:32,,1 stop,1826.8,Economy,87,Autumn,Thursday,Airbus A320,Mobile App,1,9519.7
FL125249,Indigo,Chennai Airport,Ahmedabad,2025-03-22,6:25 AM,10:29,4h 04m,1,1447.2,Economy,4,Summer,Saturday,Airbus A320,Travel Agent,1,11100.35
FL195116,Thai Airways,London,Pune Airport,2025-02-07,01:15,14:08,12h 53m,2 stops,7731.0,Economy,23,Winter,Friday,Airbus A380,Mobile App,1,91485.97
FL187090,SpiceJet,Chennai,Pune,2025-06-09,4:00 AM,05:41,1h 41m,non-stop,925.7,Premium Economy,133,Monsoon,Monday,Airbus A321,Third-Party,4,
FL105410,Singapore Airlines,Frankfurt,Chennai,2026-04-17,19:05,06:33,11h 28m,1 stop,7614.8,Economy,21,Summer,Friday,Airbus A320,Website,6,82465.62
FL114671,Thai Airways,Pune,BKK,2026-07-07,23:50,4:13 AM,4h 23m,non-stop,3035.1,Economy,,Monsoon,Tuesday,Boeing 787 Dreamliner,Third-Party,4,34613.93
FL151554,Air India,Mumbai,Ahmedabad,2026-09-11,22:30,,2h 05m,,448.5,Economy,3,Monsoon,Friday,ATR 72,Travel Agent,3,2921.21
FL115908,Singapore Airlines,Mumbai,Bangkok Airport,,22:25,02:51,4h 27m,non-stop,3079.2 km,Business,,Winter,,Airbus A350,Mobile App,2,92282.82
FL100119,Thai Airways,,Singapore,2025-10-04,03:10,08:07,4h 58m,0,3480.6,Economy,4,Autumn,Saturday,Airbus A380,Website,2,47626.54
FL135287,ETIHAD AIRWAYS,New York,Dubai Airport,2026-08-23,1:35 PM,06:28,16.89,1,11585.7,Premium Economy,77,Monsoon,Sunday,Airbus A320,Mobile App,5,111019.57
FL169488,Qatar Airways,Bangkok,Dubai Airport,,11:15,19:04,7h 50m,,4898.6,Economy,14,Summer,Thursday,Boeing 787 Dreamliner,,1,58147.89
FL143983,Singapore Airlines,BKK,Delhi,2026-10-22,02:40,08:39,6h 00m,1,2969.4 km,Economy,77,Autumn,Thursday,Boeing 787 Dreamliner,Third-Party,1,23304.61
FL111544,Emirates,HYD,Bangkok,2025-12-13,07:55,12:52 PM,4.96,1,2418.6,Economy,2,,Saturday,Airbus A380,Website,1,49330.75
FL190738,Thai Airways,New York,Pune,2025-07-23,21:50,15:32,17h 42m,non-stop,13417.5,Economy,11,Monsoon,Wednesday,Airbus A320,Mobile App,1,128103.4
FL165997,Etihad Airways,Pune,Dubai,2026-06-22,1:55 AM,06:21,4h 27m,1 stop,2182.7,Business,13,Monsoon,Monday,Airbus A350,Mobile App,5,850061.87
FL136340,british airways,SYD,SIN,2025-08-02,08:15,,12.39,2,6554.0,Economy,18,Monsoon,Saturday,,Third-Party,2,54253.09
FL105853,Indigo,Delhi,Hyderabad,2026-03-26,12:00,4:15 PM,4h 15m,2,1292.8,Business,11,Summer,Thursday,Boeing 737,Travel Agent,,13889.28
FL188505,Air India,Chennai,Goa,2026-09-24,22:40,01:08,2h 29m,1 stop,,Business,103,,Thursday,Airbus A321,Website,5,8329.38
FL101642,AirAsia India,DEL,Jaipur,2026-02-15,21:30,1:00 AM,3h 31m,2,248.9,Economy,55,Winter,Sunday,Airbus A320,Third-Party,2,2000
FL143699,Etihad Airways,Sydney,BOM,2025-02-05,20:15,1:04 PM,16h 50m,2,10252.8,Economy,165,Winter,Wednesday,Airbus A380,Mobile App,2,80344.43
FL142152,Air India,HYD,AMD,2025-12-07,7:05 PM,,1h 41m,0,,Economy,117,Winter,Sunday,ATR 72,Mobile App,2,3825.78
FL180493,Etihad Airways,Bangkok,Frankfurt,2026-02-08,5:05 PM,05:36,752 min,non-stop,9381.5,Economy,17,Winter,Sunday,Airbus A320,,2,94998.94
FL127541,Etihad Airways,New York,Bangkok,2026-01-23,00:35,,19.61,1 stop,,Economy,8,Winter,Friday,Boeing 787 Dreamliner,Mobile App,4,145722.73
FL127360,AirAsia India,Bangalore,Mumbai Airport,2026-11-09,01:55,3:34 AM,1h 40m,non-stop,907.2,Economy,33,Autumn,Monday,,Mobile App,4,4233.65
FL188284,Lufthansa,Bangkok,Frankfurt Airport,2025-02-27,8:35 AM,20:48,12h 13m,non-stop,9144.4,Economy,11,Winter,Thursday,Airbus A320,Mobile App,1,155986.36
FL130753,,Bangalore,PNQ,2025-06-30,04:00,05:27,1h 28m,non-stop,749.5,Economy,1,,Monday,Airbus A321,Third-Party,5,7695.88
FL103612,Etihad Airways,Jaipur,Bangkok Airport,2026-11-14,10:00 AM,5:18 PM,7h 19m,2,2989.0,Economy,36,Autumn,Saturday,Airbus A350,Mobile App,1,"Rs. 25,943.36"
FL172227,Thai Airways,Sydney Airport,Doha Airport,2025-04-16,4:05 PM,12:57 PM,1252 min,2 stops,13095.8,Economy,11 days,Summer,Wednesday,Airbus A380,Third-Party,4,108099.63
FL193641,AIRASIA INDIA,DEL,,2025-03-22,9:15 AM,1:18 PM,4h 03m,,,Economy,19,Summer,Saturday,Airbus A320,Website,one,6760.5
FL114075,Lufthansa,Singapore,Sydney,2026-09-03,11:25 PM,10:02,10.63,1,6567.3,Premium Economy,38,Monsoon,Thursday,Boeing 787 Dreamliner,Travel Agent,2,80869.08
FL184347,GoFirst,Bangalore,Hyderabad,2025-06-14,2:25 PM,6:16 PM,3h 52m,2 stops,532.5,Economy,7,Monsoon,Saturday,ATR 72,Website,1,2260.59
FL182212,Singapore Airlines,London Airport,Goa,2026-03-12,12:20 PM,00:13,11h 53m,1,7605.6,Economy,5,Summer,Thursday,Airbus A320,Travel Agent,1,108565.33
FL100342,Thai Airways,Jaipur,Doha Airport,2025-10-12,9:40 PM,03:43,6h 03m,,2519.4,Economy,15,Autumn,Sunday,Boeing 777,Travel Agent,1,26575.98
FL176783,Singapore Airlines,Goa Airport,,2025-08-17,09:35,,5h 46m,1,,Economy,7,Monsoon,Sunday,Boeing 787 Dreamliner,Website,1,51367.02
FL158976,Lufthansa,HYD,Singapore,2025-05-30,06:55,1:33 PM,6.63,,3386.1,Economy,13,Summer,Friday,Airbus A350,,2,44671.6
FL165427,Vistara,Doha,Chennai Airport,2025-09-12,8:00 PM,03:47,7h 47m,2,3384.1,Economy,37,Monsoon,Friday,Boeing 777,Travel Agent,3,20901.13
FL146071,Emirates,Bangalore,LHR,2025-01-07,02:55,2:32 PM,11h 37m,,8671.7,Economy,0,Winter,,Boeing 777,Website,5,200000
FL125347,British Airways,Dubai,New York Airport,2025-11-19,08:05,00:30,16h 26m,1 stop,11469.1,Economy,149,Autumn,Wednesday,Airbus A320,,1,73665.49
FL182295,emirates,Ahmedabad Airport,Frankfurt,2025-03-11,21:00,09:20,12h 20m,2,6679.5,Economy,10,Summer,Tuesday,Boeing 787 Dreamliner,Airport Counter,,87396.74
FL183368,Emirates,SYD,Kolkata Airport,2026-12-14,4:55 AM,18:38,823 min,1,9168.0,Economy,44,Winter,Monday,Boeing 787 Dreamliner,Third-Party,1,71841.99
FL116137,Vistara,BKK,Sydney,2026-02-21,23:30,09:46,10h 17m,0,7630.8,Economy,18,Winter,Saturday,Boeing 787 Dreamliner,Travel Agent,1,77502.93
FL171159,Qatar Airways,Jaipur,Dubai Airport,2026-04-08,06:40,12:28,5h 48m,2,,Economy,162,Summer,Wednesday,Airbus A380,Third-Party,1,19055.22
FL169370,Singapore Airlines,PNQ,Doha,2025-09-17,08:30,2:10 PM,5h 40m,2 stops,2440.8 km,Economy,50,Monsoon,Wednesday,,Third-Party,3,18257.76
FL153565,Air India,Hyderabad,Mumbai,2026-11-30,16:00,17:20,1.35,non-stop,661.7,Economy,20,Autumn,Monday,Airbus A320,Travel Agent,4,3004.58
FL174135,Air India,Kolkata,Ahmedabad,2026-01-28,11:30,3:41 PM,4h 11m,1,1738.0,Economy,34,Winter,Wednesday,Airbus A321,Mobile App,2,8578.4
FL180553,,Frankfurt,Delhi,2025-01-06,01:35,1:06 PM,11h 31m,,6129.6,Economy,0,Winter,Monday,Airbus A380,Mobile App,5,90842.31
FL171067,Qatar Airways,Dubai,Bangalore,2025-02-25,13:15,18:41,5h 26m,1 stop,2748.1,Economy,,Winter,Tuesday,Airbus A380,Website,,18309.79
FL134636,British Airways,Goa Airport,Singapore,,4:50 AM,11:45,6h 56m,1 stop,3759.8,Economy,28,Winter,Wednesday,Airbus A380,Website,,50214.01
FL154756,,Bangkok,Singapore,2026-10-25,13:05,3:30 PM,146 min,0,1504.0,Premium Economy,9,Autumn,Sunday,Boeing 787 Dreamliner,Mobile App,1,26569.92
FL168707,Etihad Airways,Chennai,London,2026-12-07,7:50 PM,08:12,12h 23m,1,8255.3,Economy,101,Winter,,,Mobile App,5,82057.13
FL121917,,AMD,SIN,2026-12-28,09:20,16:40,7h 20m,1,4198.8,Business,9,Winter,Monday,Boeing 787 Dreamliner,Website,,162160.8
FL108865,Singapore Airlines,DXB,Bangalore,2025-09-26,2:35 PM,20:11,5h 37m,1,2799.9,Economy,38,Monsoon,Friday,Airbus A320,Website,,24372.23
FL182981,Etihad Airways,Doha Airport,CCU,2025-05-19,7:40 AM,15:34,7h 54m,2,4003.9,,26 days,Summer,Monday,Airbus A320,Travel Agent,2,41147.74
FL116276,Emirates,Sydney,Pune,2026-05-27,01:05,16:28,15h 23m,1,10796.9,Premium Economy,41,,Wednesday,Airbus A320,Travel Agent,2,173729.57
FL117442,SpiceJet,Jaipur Airport,Bangalore,2025-10-23,9:35 PM,12:07 AM,2h 33m,0,1598.0,Economy,148,Autumn,Thursday,Airbus A320,Mobile App,6,4386.34
FL110068,Lufthansa,,Goa,2026-07-04,20:25,08:46,,1,8017.1,Economy,59,Monsoon,Saturday,Airbus A320,Website,1,413.79
FL191735,AirAsia India,Chennai,Kolkata,2026-02-21,6:05 AM,08:19,2.24,0,1361.0,Economy,21,Winter,Saturday,Airbus A320,Mobile App,1,7453.47
FL157272,Emirates,Dubai Airport,Hyderabad,2025-01-29,03:20,,3h 49m,0,2592.9,Business,4,Winter,Wednesday,Airbus A380,Mobile App,1,114958.11
FL138305,Etihad Airways,Delhi,Doha,2026-11-19,3:10 AM,,3h 58m,0,2708.5,Economy,29,Autumn,Thursday,Airbus A350,Mobile App,1,27966.89
FL190659,Indigo,Goa Airport,Bangalore,2026-08-17,06:25,,1h 10m,0,521.4,Economy,4,Monsoon,Monday,ATR 72,Website,5,3314.06
FL176042,GoFirst,Hyderabad,Ahmedabad,,13:25,3:05 PM,1h 41m,0,918.2,Economy,2,Monsoon,Sunday,Airbus A321,Mobile App,1,5825.63
FL181579,Thai Airways,London,Pune Airport,2025-03-10,8:45 PM,7:14 AM,10h 29m,0,7792.0,Economy,7,Summer,Monday,Boeing 787 Dreamliner,Mobile App,1,
FL101013,british airways,Pune,London,2026-08-18,09:55,21:57,723 min,1,7679.3,Premium Economy,2,Monsoon,Tuesday,Airbus A320,Mobile App,1,183142.34
FL143410,Etihad Airways,Jaipur,Singapore,2025-10-31,,00:39,349 min,0,4149.3,Economy,43,Autumn,Friday,Airbus A320,Third-Party,1,39587.22
FL116182,Etihad Airways,Mumbai,Singapore,2025-02-15,20:15,03:15,7.01,1 stop,4144.0,Economy,123,Winter,Saturday,Boeing 787 Dreamliner,Airport Counter,2,42335.44
FL110587,Air India,Jaipur,CCU,2025-10-30,20:40,02:13,5h 33m,2,1401.5,Economy,1,Autumn,Thursday,Airbus A320,,4,9061.76
FL176917,Qatar Airways,London,AMD,,07:50,5:43 PM,9h 54m,non-stop,7329.5,Economy,1,Winter,Thursday,Boeing 787 Dreamliner,,1,114470.43
FL106105,SpiceJet,Pune,Chennai,,7:20 AM,09:01,102 min,non-stop,933.4,Economy,0,Summer,Sunday,Airbus A321,Website,1,8135.75
FL185245,Thai Airways,New York,Delhi Airport,2025-08-09,15:15,7:48 AM,994 min,non-stop,12528.6,Economy,7,Monsoon,Saturday,Airbus A380,Mobile App,,200000
FL196883,Qatar Airways,PNQ,Dubai,2026-08-06,1:05 PM,5:42 PM,278 min,1,2075.7,First,11,Monsoon,Thursday,Airbus A320,Mobile App,,93793.35
FL192331,Singapore Airlines,Dubai,London Airport,2026-07-28,15:20,11:00 PM,7h 40m,non-stop,5591.8,Economy,29,Monsoon,Tuesday,,Travel Agent,5,"Rs. 52,536.82"
FL151925,Vistara,Bangalore,Singapore Airport,2025-03-04,5:40 PM,22:21,4h 41m,non-stop,3269.1,Economy,107,,Tuesday,Airbus A350,,2,27403.92
FL190466,Thai Airways,Sydney Airport,Ahmedabad Airport,2026-02-07,03:40,17:47,14.13,0,10630.6,Economy,28,Winter,Saturday,Airbus A320,Website,1,179581.85
FL189051,SpiceJet,,Goa,2026-09-10,2:25 AM,4:56 AM,2h 32m,0,1584.6,Economy,35,Monsoon,Thursday,ATR 72,Travel Agent,1,6281.22
FL179390,SpiceJet,Hyderabad Airport,Chennai,2026-05-10,4:25 AM,6:50 AM,2h 26m,,519.2,Economy,9,Summer,Sunday,,Third-Party,3,2748.92
FL106329,Indigo,Hyderabad,Pune,2026-12-05,08:05,10:49,164 min,1,530.8,Economy,9,Winter,Saturday,ATR 72,Third-Party,2,2413.43
FL134412,British Airways,AMD,New York,2025-04-30,08:30,03:00,18h 31m,2,12152.4,Premium Economy,40,Summer,Wednesday,Airbus A350,Website,4,132422.79
FL170276,Thai Airways,LHR,Pune,2026-07-23,,06:41,10h 32m,non-stop,,Economy,104,Monsoon,Thursday,Airbus A350,Travel Agent,1,
FL196342,Air India,Kolkata Airport,Pune,2026-11-15,7:40 PM,10:20 PM,2h 41m,non-stop,1697.1,Economy,12,Autumn,Sunday,ATR 72,Travel Agent,1,9877.0
FL145700,Qatar Airways,Dubai,Bangalore Airport,2026-03-21,04:30,09:31,5.02,1 stop,2731.1,,5,,Saturday,Airbus A320,Mobile App,one,34870.7
FL189173,Air India,Chennai,Mumbai,2026-03-15,,9:40 PM,111 min,0,1049.0,Economy,87,Summer,Sunday,Airbus A321,Mobile App,1,393408.36
FL182930,airasia india,Chennai Airport,Ahmedabad,2026-05-04,5:00 AM,7:20 AM,,non-stop,1437.3,Economy,106,Summer,Monday,ATR 72,Website,two,6530.77
FL124331,Qatar Airways,Singapore,Doha,2025-07-25,03:10,12:11 PM,9h 02m,non-stop,6650.2,Economy,176,Monsoon,Friday,Airbus A380,,4,77971.82
FL138009,Qatar Airways,Singapore Airport,Mumbai,2026-11-01,16:50,10:28 PM,5h 39m,non-stop,4011.6,Economy,173,Autumn,Sunday,Boeing 787 Dreamliner,Mobile App,2,52401.91
FL180247,Qatar Airways,London,Pune,2025-01-19,1:30 AM,14:49,13h 19m,2,7457.5,Economy,23,Winter,Sunday,Airbus A320,Travel Agent,4,77249.3
FL149502,Lufthansa,Pune,,2026-10-06,11:20,22:02,10h 42m,1,6856.5,Business,10,Autumn,Tuesday,Airbus A320,Website,1,200000
FL196820,Air India,Ahmedabad,HYD,2025-03-30,06:35,08:17,1h 42m,non-stop,937.8,Economy,172,Summer,Sunday,ATR 72,Website,3,5839.2
FL170521,Lufthansa,Bangkok,Jaipur,2025-03-21,22:45,3:07 AM,4h 23m,0,3023.5,Economy,,Summer,Friday,Boeing 787 Dreamliner,Travel Agent,2,43203.19
FL104760,Qatar Airways,Ahmedabad Airport,Frankfurt,2025-11-08,03:40,13:45,10h 06m,1,6549.6,Business,31,,Saturday,Airbus A320,Third-Party,1,183380.83
FL174204,Lufthansa,SIN,Frankfurt Airport,2025-01-17,12:35 PM,,922 min,1,10707.0,First,,,Friday,Airbus A320,Airport Counter,3,
FL180213,Vistara,Sydney,Mumbai,2026-05-09,01:05,,,1 stop,10565.9,Economy,11,Summer,Saturday,Airbus A320,Website,1,105895.72
FL187562,indigo,Chennai,Delhi,2025-12-29,4:15 PM,8:22 PM,4h 07m,1,1774.2,Business,40,Winter,Monday,Airbus A321,,1,25000
FL103485,Lufthansa,Singapore,SYD,2026-10-23,20:10,04:54,8h 44m,0,6423.7,Business,33,Autumn,Friday,Airbus A350,Website,1,177208.06
FL100302,British Airways,Sydney,Kolkata,2025-01-08,05:05,17:42,758 min,non-stop,9459.1,,,Winter,Wednesday,Airbus A320,Third-Party,1,
FL190404,Vistara,Hyderabad,Bangkok,2026-11-23,7:35 AM,11:16,221 min,non-stop,2486.9,,,Autumn,Monday,Boeing 777,Third-Party,1,19646.52
FL132606,Indigo,Mumbai,HYD,2026-01-19,18:35,7:53 PM,79 min,non-stop,631.5,Economy,6,Winter,Monday,Airbus A320,Website,1,3800.93
FL142247,Indigo,Goa,Jaipur,2026-09-22,08:30,11:48 AM,3h 19m,1,1353.4,Economy,8,Monsoon,Tuesday,Airbus A321,Website,1,8759.68
FL151419,Qatar Airways,Delhi,,2025-01-25,10:00,18:34,8h 34m,0,6297.8,,11,Winter,Saturday,Airbus A350,,2,162432.64
FL161158,SpiceJet,Chennai,Kolkata Airport,2025-10-26,16:20,21:17,4.96,2,1364.8,Business,0,Autumn,Sunday,Boeing 737,Mobile App,2,25000
FL129604,GoFirst,,Delhi Airport,2026-06-18,14:45,18:15,3.52,1 stop,1176.8,First,36,Monsoon,Thursday,ATR 72,Mobile App,3,"Rs. 15,580.04"
FL107548,Emirates,Frankfurt,,2026-12-18,2:45 AM,9:37 AM,6h 53m,0,,Economy,0,Winter,Friday,Airbus A380,Travel Agent,1,98169.07
FL111289,Qatar Airways,Delhi,Bangkok,2026-06-09,12:10,16:36,4h 27m,0,3075.7,First,2,Monsoon,Tuesday,Boeing 787 Dreamliner,Mobile App,6,183753.89
FL172291,,New York,,,11:05,05:44,1119 min,1,12821.0,Economy,24,Monsoon,Monday,Airbus A380,Mobile App,2,124641.95
FL174552,BRITISH AIRWAYS,London,Bangkok,2026-04-02,16:40,07:01,14h 21m,1,,Economy,1,Summer,Thursday,Boeing 787 Dreamliner,Third-Party,1,171754.33
FL126869,Thai Airways,Singapore,Jaipur,2025-01-04,13:20,19:18,5.97,non-stop,4266.1,Economy,42,Winter,Saturday,Airbus A320,Website,2,35015.36
FL184745,Lufthansa,MAA,London,2026-10-17,19:35,09:03,13h 28m,2 stops,8458.9,Premium Economy,21,Autumn,Saturday,,Mobile App,2,81591.13
FL188484,qatar airways,Doha,Mumbai,2026-06-15,11:15 PM,02:43,3.48,0,2326.8,Economy,6,Monsoon,Monday,Boeing 787 Dreamliner,Mobile App,1,36478.97
FL194091,Vistara,HYD,Bangalore,2025-05-07,7:55 AM,10:26,2h 31m,1 stop,529.5,Economy,16,Summer,Wednesday,ATR 72,Website,2,3139.29
FL137136,,PNQ,London,2025-10-30,01:20,12:58 PM,11h 38m,1,7815.5,Economy,5,Autumn,Thursday,Boeing 777,Website,1,89387.78
FL178350,Thai Airways,Pune,DXB,2025-08-23,9:55 PM,2:15 AM,4h 21m,1,2190.3,Economy,2,Monsoon,Saturday,Airbus A320,Travel Agent,1,37857.06
FL127354,Lufthansa,Goa,Doha,2025-04-14,14:10,18:11,241 min,0,,Economy,12,Summer,Monday,Boeing 777,Travel Agent,1,35174.48
FL166459,SpiceJet,Ahmedabad,Bangalore Airport,2026-10-20,13:10,3:15 PM,2h 05m,0,1239.2,Business,89,Autumn,Tuesday,Airbus A320,Website,2,10402.84
FL137828,British Airways,,Bangalore Airport,2025-03-23,12:00 AM,4:37 AM,4h 37m,non-stop,3215.8,Economy,12,Summer,Sunday,Boeing 777,Third-Party,3,
FL182425,GoFirst,Jaipur,Kolkata,2026-08-13,14:25,4:43 PM,2h 19m,non-stop,1413.2,Economy,1,Monsoon,Thursday,Airbus A320,Website,1,9968.73
FL188910,Indigo,Goa,Pune,2026-10-04,5:10 PM,19:19,2.16,1,369.4,Premium Economy,1,Autumn,Sunday,Airbus A321,Mobile App,1,3878.7
FL122537,Vistara,MAA,Doha,2026-09-16,5:20 PM,11:39 PM,6h 20m,1,3450.3,Economy,83,Monsoon,Wednesday,Airbus A380,Mobile App,2,18241.96
FL183815,indigo,Chennai,Delhi Airport,2026-01-28,10:10 PM,1:00 AM,2h 51m,non-stop,1827.7,Business,39,Winter,Wednesday,Airbus A321,Third-Party,3,23571.35
FL102650,Qatar Airways,Singapore,PNQ,2026-12-07,07:55,13:34,5.66,0,4021.2,Economy,19,Winter,Monday,Airbus A320,Travel Agent,,47178.55
FL167120,spicejet,Goa,Pune Airport,2026-05-30,6:10 PM,19:08,0h 59m,0,372.2,Economy,2,Summer,Saturday,Airbus A320,Travel Agent,1,3303.74
FL154847,British Airways,Singapore,FRA,2025-12-15,9:30 AM,1:10 AM,15.67,,10966.8 km,Economy,33,Winter,Monday,Airbus A380,Mobile App,2,101300.46
FL189443,AirAsia India,Ahmedabad,Kolkata,2025-02-16,9:15 AM,11:58,2.73,non-stop,1738.7,Premium Economy,2,Winter,Sunday,ATR 72,Mobile App,1,25000
FL110655,Vistara,Delhi Airport,London,2026-07-29,20:05,08:48,12h 43m,2 stops,7049.3,Business,38,Monsoon,Wednesday,Airbus A380,Website,1,78843.98
FL134098,Qatar Airways,Ahmedabad,New York Airport,2025-12-21,04:50,22:25,17h 36m,1 stop,12178.6,Business,116,Winter,Sunday,Airbus A320,Mobile App,6,200000
FL119204,Singapore Airlines,,Sydney,2025-07-02,9:10 PM,12:00 PM,14.84,1,9851.2,Economy,40,Monsoon,Wednesday,Airbus A320,Mobile App,2,
FL146270,Lufthansa,,New York,2026-03-27,,6:24 AM,10h 24m,1,6378.8,Economy,0,Summer,Friday,Airbus A350,,4,115038.59
FL154956,Vistara,Goa,PNQ,2025-01-15,7:45 PM,20:43,0.97,non-stop,366.1,Premium Economy,135,Winter,Wednesday,Airbus A321,Website,3,3948.87
FL128169,Emirates,London,Doha,2025-04-15,17:20,2:16 AM,8h 56m,1 stop,5265.9,Economy,32,Summer,Tuesday,Boeing 787 Dreamliner,Mobile App,1,57825.05
FL189317,british airways,Pune Airport,Dubai,2026-05-21,17:40,8:48 PM,3h 09m,0,2065.4,Economy,26,Summer,Thursday,Boeing 787 Dreamliner,Travel Agent,4,23298.75
FL187588,SpiceJet,Jaipur,Mumbai Airport,2025-01-10,23:05,03:09,,2,938.0,Economy,15,Winter,Friday,Airbus A321,Mobile App,6,4380.35
FL116471,British Airways,Hyderabad,Frankfurt,2026-05-18,12:35 AM,11:40,11h 06m,1 stop,7424.6,Business,38,Summer,Monday,,Website,4,200000
FL115333,Indigo,Jaipur,Mumbai,2025-05-25,09:45,11:25,1h 41m,0,922.0,Economy,21,,Sunday,Airbus A321,Website,4,4680.0
FL192485,Vistara,GOI,Doha,2026-11-14,19:40,23:42,4h 02m,0,2761.9,First,,Autumn,Saturday,Airbus A320,Third-Party,5,199046.87
FL135786,Qatar Airways,Singapore,Hyderabad,2025-03-08,12:30 PM,5:23 PM,4h 54m,,3429.3 km,Economy,94,Summer,Saturday,Boeing 777,Airport Counter,3,58642.13
FL101599,Air India,GOI,Hyderabad,2025-09-27,11:10 PM,3:56 AM,4.78,2,571.9,Economy,31,Monsoon,Saturday,Airbus A321,Travel Agent,2,2113.53
FL139344,,,Doha Airport,2025-07-25,23:30,04:17,287 min,1 stop,2305.7,Economy,31,Monsoon,Friday,Airbus A320,Website,2,22924.34
FL150355,British Airways,DOH,Hyderabad,2026-08-23,6:40 AM,12:35,5h 55m,,3018.2,Business,19,Monsoon,Sunday,Airbus A320,Third-Party,1,78510.25
FL144142,British Airways,Mumbai,SYD,2025-07-06,10:40,02:24,945 min,1,10519.0,Economy,68,,Sunday,Airbus A380,Third-Party,3,85654.76
FL125759,,Doha,Delhi,2026-05-25,8:05 PM,1:06 AM,5h 02m,1 stop,2649.1 km,Economy,19,Summer,Monday,Airbus A350,Website,4,32110.78
FL125034,Singapore Airlines,Sydney,Delhi,2026-12-31,06:00,8:50 PM,14h 50m,non-stop,11181.1,Business,1,Winter,Thursday,Boeing 777,,1,200000
FL108358,British Airways,Frankfurt,Ahmedabad,2026-02-18,19:45,7:19 AM,11h 35m,2,6633.7,Economy,4,Winter,Wednesday,Airbus A380,Website,2,64542.58
FL173061,SpiceJet,Chennai,Bangalore Airport,2025-09-19,,12:12 PM,0.88,0,296.1,Economy,8,Monsoon,Friday,ATR 72,Travel Agent,4,2000
FL110571,Indigo,Goa,Jaipur,2025-08-26,8:05 PM,,192 min,1,1301.1,Economy,16,Monsoon,Tuesday,Boeing 737,Third-Party,1,6154.54
FL107897,Vistara,Frankfurt,Goa,2025-12-09,15:40,1:26 AM,9h 47m,,7237.4,Premium Economy,10,Winter,Tuesday,Boeing 777,Mobile App,2,136906.12
FL185160,SpiceJet,Bangalore,Delhi,2026-04-06,2:30 AM,5:16 AM,2h 46m,non-stop,1773.6,Economy,11,Summer,Monday,Boeing 737,Travel Agent,,13261.54
FL132554,Singapore Airlines,Sydney,Dubai,2025-09-23,6:50 AM,11:49 PM,16h 59m,0,12862.6,Economy,8,Monsoon,Tuesday,Boeing 777,Mobile App,1,158918.84
FL173987,British Airways,AMD,Frankfurt,2026-11-14,17:25,2:19 AM,8h 54m,non-stop,6557.7,First,40,Autumn,Saturday,Airbus A350,Mobile App,1,200000
FL120110,Qatar Airways,Pune,Bangkok,2026-09-24,05:05,09:23,4.31,0,2972.0 km,Economy,15,Monsoon,Thursday,Airbus A320,Travel Agent,1,42620.31
FL192979,Singapore Airlines,JAI,New York,2025-05-25,04:35,21:24,16h 49m,1 stop,11927.7,Business,4,Summer,Sunday,Boeing 777,,2,200000
FL100583,Emirates,Sydney,Bangalore,2025-05-03,1:35 AM,15:40,14h 05m,1 stop,9377.7,Economy,153,Summer,Saturday,Airbus A380,Website,4,95826.45
FL186853,AirAsia India,Jaipur,Kolkata Airport,2025-04-08,11:25 PM,3:20 AM,3h 55m,1 stop,,Business,2,Summer,Tuesday,,Third-Party,2,25000
FL130756,Lufthansa,Sydney,Dubai,2025-10-25,9:55 AM,2:14 AM,16h 20m,0,12344.4 km,Economy,20 days,Autumn,Saturday,,Website,1,116478.0
FL168417,Thai Airways,Dubai Airport,SIN,2025-05-28,8:25 AM,16:56,8h 32m,,6259.6,Economy,4,Summer,Wednesday,Boeing 777,Airport Counter,3,80610.14
FL105254,Emirates,Sydney,DOH,2025-11-02,18:00,12:16 PM,,1 stop,12737.2,Business,8,Autumn,Sunday,Airbus A380,Third-Party,,200000
FL158506,AIR INDIA,Chennai Airport,Kolkata,2026-11-29,21:40,23:57,138 min,non-stop,1397.6,Premium Economy,66,Autumn,Sunday,ATR 72,Travel Agent,4,13577.08
FL197081,SpiceJet,Chennai,Pune,2025-08-27,1:10 AM,02:53,1h 44m,0,960.8,Economy,8,Monsoon,Wednesday,Boeing 737,Mobile App,3,5005.07
FL118105,Qatar Airways,Pune Airport,FRA,2026-11-29,21:10,07:44,10h 34m,1,6948.3,Business,15,Autumn,Sunday,Boeing 777,Website,1,"Rs. 200,000.00"
FL196871,GoFirst,Ahmedabad,PNQ,,3:10 PM,6:06 PM,2h 56m,1 stop,520.6,,36,Summer,Sunday,Boeing 737,Website,1,2861.29
FL162747,British Airways,Mumbai,New York Airport,2026-09-21,17:50,1:03 PM,1153 min,1,13470.8,Economy,5,Monsoon,Monday,Airbus A320,Travel Agent,1,194738.85
FL192961,AirAsia India,Jaipur,DEL,2026-02-23,21:35,10:23 PM,,0,243.1,Premium Economy,0,Winter,Monday,,Third-Party,1,2418.07
FL193798,Vistara,Bangalore,Mumbai,2025-04-02,11:45,,1.65,non-stop,898.4,Economy,3,Summer,Wednesday,Boeing 737,,1,9798.8
FL158920,qatar airways,Bangkok,Sydney,2025-02-14,6:50 AM,8:20 PM,13h 30m,2 stops,7803.3 km,Economy,43,Winter,Friday,Boeing 777,Third-Party,2,69185.49
FL113530,Indigo,Goa,Chennai,2025-03-16,10:50 AM,12:17 PM,87 min,non-stop,745.8,Economy,,,Sunday,Boeing 737,,2,6569.7
FL108901,Thai Airways,London,JFK,2025-09-01,3:40 PM,11:46 PM,8h 06m,0,5928.9,,1,Monsoon,Monday,Boeing 787 Dreamliner,,2,116540.66
FL100219,Thai Airways,Dubai Airport,Mumbai,2025-03-23,,22:00,3h 01m,0,1960.0,Economy,5,Summer,Sunday,Airbus A350,Third-Party,1,42374.36
FL147341,British Airways,Singapore Airport,Bangkok Airport,2026-09-14,3:25 AM,5:47 AM,2h 22m,0,1458.7 km,Economy,159,Monsoon,Monday,Airbus A320,Website,two,
FL190565,Indigo,Pune,Hyderabad,2026-03-13,20:20,22:32,2h 13m,1,506.9,Economy,0,Summer,Friday,Airbus A321,Website,1,"Rs. 3,599.56"
FL167065,,Singapore Airport,Sydney,2025-11-07,18:55,04:39,,1,6416.3,Economy,166,Autumn,Friday,Airbus A320,,4,57097.74
FL187388,Lufthansa,Pune,New York Airport,2025-10-07,08:05,02:01,17h 56m,0,13604.5,Economy,8,Autumn,Tuesday,Boeing 787 Dreamliner,Mobile App,3,
FL153235,GoFirst,Kolkata,Pune,2026-06-05,3:00 PM,7:23 PM,4h 24m,1 stop,1691.1,Economy,59,Monsoon,Friday,Airbus A321,Website,5,5961.45
FL147750,Etihad Airways,London,Doha,2026-10-21,13:50,21:26,7h 37m,non-stop,5548.6,Business,3,Autumn,Wednesday,Airbus A350,Mobile App,1,200000
FL167859,GoFirst,Ahmedabad,Bangalore,2025-07-02,05:55,08:04,2h 09m,0,,Economy,14,Monsoon,Wednesday,Airbus A321,Website,3,6170.93
FL100877,spicejet,Bangalore,Pune Airport,2025-01-01,10:10,13:12,3h 02m,1,756.3,First,21,Winter,Wednesday,Airbus A321,Website,1,14289.98
FL143819,SpiceJet,Chennai,Mumbai Airport,2026-08-29,19:25,11:29 PM,4h 05m,2,1089.1,Economy,18,Monsoon,Saturday,ATR 72,Travel Agent,,3816.34
FL105813,Vistara,Frankfurt,Sydney,2026-10-27,3:10 AM,3:01 AM,1431 min,1,17038.7,Economy,31,Autumn,Tuesday,Airbus A350,Mobile App,1,86525.93
FL120086,Etihad Airways,Kolkata,New York,2026-07-21,5:50 PM,13:18,,1 stop,13640.6,Premium Economy,37,Monsoon,Tuesday,Boeing 787 Dreamliner,Travel Agent,4,170165.24
FL112402,Thai Airways,Kolkata,Bangkok Airport,2025-10-14,6:05 AM,10:04 AM,3h 59m,1,1642.7,Economy,14,Autumn,Tuesday,Boeing 777,Website,2,15518.48
FL176699,Singapore Airlines,Ahmedabad,London,2026-05-17,5:40 AM,4:56 PM,11h 17m,1,7356.2,Economy,30,Summer,Sunday,,Website,2,87393.41
FL107697,Singapore Airlines,Hyderabad Airport,Sydney,2025-06-13,3:15 AM,,13.26,non-stop,9953.8,Economy,3,Monsoon,Friday,Airbus A320,Airport Counter,1,159813.98
FL188758,Thai Airways,Bangkok,Jaipur Airport,2026-04-13,13:30,5:50 PM,,0,2994.3,Premium Economy,,Summer,,Airbus A350,Mobile App,1,47537.11
FL151782,Thai Airways,BKK,Goa Airport,2025-09-15,06:05,10:25,4h 20m,0,2993.4,Premium Economy,139,Monsoon,Monday,Airbus A380,Third-Party,1,38294.07
FL118337,Vistara,Mumbai,Kolkata,2025-07-22,15:05,5:51 PM,2h 47m,0,,,1,Monsoon,Tuesday,ATR 72,,1,17932.34
FL186683,British Airways,MAA,London,2026-06-07,04:50,3:51 PM,11h 02m,0,8215.6,Economy,18,Monsoon,,Boeing 787 Dreamliner,Website,3,96690.3
FL160216,Lufthansa,Singapore,Hyderabad,2026-10-11,10:30 PM,06:26,7h 56m,2,3297.6,Premium Economy,6,Autumn,Sunday,Airbus A320,Mobile App,3,35406.46
FL196033,Emirates,Singapore,Doha,2026-05-06,16:10,2:54 AM,10h 44m,1 stop,6615.9,Economy,137,Summer,Wednesday,Airbus A350,Travel Agent,4,57104.2
FL157546,AIR INDIA,Ahmedabad Airport,Hyderabad Airport,2025-07-23,06:45,10:05,3h 21m,1 stop,933.8,Premium Economy,7,Monsoon,Wednesday,Airbus A321,Airport Counter,one,8581.77
FL139820,Etihad Airways,Bangkok,Doha,2025-07-19,07:45,16:54,9h 09m,1 stop,5382.6,First,0,Monsoon,Saturday,Airbus A320,Website,1,200000
FL181576,Singapore Airlines,Delhi,Bangkok,2026-04-25,1:40 PM,6:11 PM,4h 32m,,3142.5,Economy,3,Summer,Saturday,,Travel Agent,3,66721.18
FL195279,Indigo,Chennai Airport,Delhi,2026-09-10,02:00,05:54,3h 54m,1,1845.4,Business,15,Monsoon,Thursday,ATR 72,Website,2,21401.1
FL184057,British Airways,Mumbai,Singapore,,11:25 PM,06:36,7h 12m,1 stop,3989.9,Economy,12,Monsoon,Sunday,Airbus A380,Mobile App,2,49536.78
FL155654,Qatar Airways,London,Frankfurt,2026-04-30,06:35,07:55,1h 20m,non-stop,654.1,Economy,16,Summer,Thursday,,Mobile App,2,15000
FL157736,Qatar Airways,LHR,Goa,2025-06-13,5:20 AM,5:08 PM,11h 48m,1,8018.0,Business,38,Monsoon,Friday,Airbus A320,Website,2,200000
FL153440,,Chennai,Ahmedabad,2025-11-05,15:30,7:14 PM,3h 44m,1,1464.8,Economy,14,Autumn,Wednesday,ATR 72,Website,2,6286.84
FL172627,Indigo,Jaipur Airport,Bangalore,2025-06-28,08:05,10:37 AM,2h 32m,non-stop,1589.9,Economy,6,Monsoon,Saturday,Airbus A320,Third-Party,2,9020.4
FL191820,Singapore Airlines,DEL,Doha,2025-12-09,03:15,08:17,5h 03m,1,2745.1,,34,Winter,Tuesday,Boeing 787 Dreamliner,Third-Party,1,61238.65
FL168826,GoFirst,Bangalore,Ahmedabad Airport,2026-03-20,11:25,1:30 PM,2h 05m,0,1237.3,Economy,7,Summer,Friday,ATR 72,Travel Agent,2,7758.13
FL162135,GOFIRST,Delhi Airport,Bangalore,2025-12-27,9:55 PM,00:40,2h 46m,0,1767.1,Business,6,Winter,Saturday,ATR 72,Mobile App,3,25000
FL162949,Qatar Airways,Jaipur,Doha,2025-03-17,17:20,9:11 PM,3h 51m,0,2616.6,Premium Economy,23,Summer,Monday,Airbus A380,Website,1,50868.75
FL187984,Indigo,,PNQ,2026-09-07,8:55 AM,12:17,3.37,1,925.7,Premium Economy,13,Monsoon,Monday,Airbus A321,Mobile App,4,5264.77
FL177637,AirAsia India,,Pune Airport,2025-05-25,13:40,16:08,149 min,,516.0,Premium Economy,25,Summer,Sunday,Airbus A320,Travel Agent,2,3963.31
FL168041,Thai Airways,London Airport,Kolkata,2026-02-11,17:40,06:46,13h 06m,2,8214.0,Economy,19,Winter,Wednesday,Boeing 777,Travel Agent,2,78962.09
FL172878,Singapore Airlines,Ahmedabad,LHR,,21:30,08:40,11h 11m,1,7033.4,Economy,17,Monsoon,Wednesday,Airbus A380,Travel Agent,3,50251.27
FL113805,Indigo,Pune,Jaipur,2025-07-07,01:05,02:53,1h 48m,0,1017.0,Economy,21,Monsoon,Monday,Airbus A320,Mobile App,2,6130.02
FL193227,Emirates,CCU,LHR,2025-06-04,1:30 AM,1:29 PM,12h 00m,1,7974.1,Economy,38,Monsoon,Wednesday,,Travel Agent,2,53866.4
FL176777,spicejet,Ahmedabad,Delhi,2026-04-12,02:15,4:58 AM,2h 43m,1,790.5 km,Economy,10,Summer,Sunday,Airbus A321,,3,4389.03
FL124483,Emirates,New York,MAA,2026-06-06,08:40,03:00,18h 21m,non-stop,13920.9,Economy,167,Monsoon,Saturday,Airbus A380,Airport Counter,1,133371.05
FL162210,Lufthansa,Goa,Singapore,2026-12-05,6:05 AM,11:32 AM,5.46,non-stop,3869.2,Economy,13,Winter,Saturday,Boeing 777,Mobile App,1,62641.63
FL166921,Emirates,Mumbai,New York,2026-09-11,8:05 PM,14:31,18.45,1,12835.4,Business,12,Monsoon,Friday,Boeing 787 Dreamliner,Third-Party,2,200000
FL134832,Etihad Airways,Dubai,DOH,2026-11-03,10:45 AM,11:44,0.99,non-stop,384.9,Economy,4,Autumn,Tuesday,Boeing 787 Dreamliner,Website,1,15000
FL186700,Vistara,Hyderabad,Chennai,2026-08-23,6:00 AM,8:42 AM,2h 43m,1,544.0,Economy,156,Monsoon,Sunday,Airbus A321,,1,3313.47
FL162769,Thai Airways,London,Bangalore Airport,2025-07-08,6:50 AM,19:27,758 min,1 stop,8238.5,Economy,35,Monsoon,Tuesday,Boeing 777,Travel Agent,1,65253.21
FL134131,Etihad Airways,JFK,Hyderabad,2026-09-20,02:00,,18.50,1,13168.1,Economy,45,,Sunday,Boeing 787 Dreamliner,Mobile App,1,116769.42
FL181470,Qatar Airways,New York,Jaipur Airport,2026-03-26,02:55,9:03 PM,18h 09m,1,12400.5,Economy,46,Summer,Thursday,Airbus A320,Website,1,
FL133930,BRITISH AIRWAYS,Dubai,Delhi,2025-11-16,17:45,9:12 PM,3.45,non-stop,2303.3,Business,60,Autumn,Sunday,Airbus A350,Travel Agent,3,68069.95
FL176095,Vistara,Mumbai,Kolkata,2025-04-20,08:40,1:03 PM,4h 23m,1,1740.6,,2,Summer,Sunday,Airbus A320,Airport Counter,1,25000
FL160850,Etihad Airways,Delhi Airport,New York,2025-05-21,9:25 PM,16:42,19h 18m,2,12010.6,,14,Summer,Wednesday,Airbus A380,Website,2,200000
FL104901,Emirates,Bangkok Airport,Sydney,,23:30,12:05,756 min,1,8077.6,Economy,3,Autumn,Thursday,Airbus A350,Mobile App,1,125483.19
FL164737,AirAsia India,Hyderabad,Goa,2026-12-10,2:05 AM,04:40,2h 35m,1 stop,574.7,Premium Economy,40,Winter,Thursday,ATR 72,Travel Agent,2,2693.33
FL197661,british airways,Kolkata,Dubai Airport,2026-10-22,02:20,,296 min,0,3457.2,Premium Economy,113,Autumn,Thursday,Boeing 787 Dreamliner,Website,3,"Rs. 39,819.88"
FL135754,Etihad Airways,Jaipur,Bangkok,2026-12-30,9:35 AM,2:07 PM,4.54,non-stop,3148.3,Premium Economy,66,Winter,Wednesday,Airbus A350,Website,4,39116.89
FL137189,vistara,,Singapore,2025-06-16,13:35,06:32,16h 58m,1,11573.1,Economy,,Monsoon,,Boeing 777,Travel Agent,2,158060.56
FL108756,Emirates,Singapore,BLR,2025-11-05,18:45,12:52 AM,6.13,1 stop,3363.0,Business,9,Autumn,Wednesday,Airbus A380,Mobile App,2,74675.17
FL123777,British Airways,Sydney Airport,New York,2025-02-27,10:15,09:34,23.33,1 stop,16799.2,Economy,45,Winter,Thursday,Airbus A380,Website,2,200000
FL144507,Singapore Airlines,Chennai,Sydney,2025-04-03,12:25 AM,14:55,14h 30m,1 stop,9641.3,Business,11,Summer,Thursday,Airbus A320,Website,1,200000
FL135412,Emirates,Bangalore,London,2026-03-21,02:05,2:41 PM,757 min,1 stop,8077.9,Economy,25,Summer,Saturday,Airbus A350,Website,1,91811.1
FL194268,QATAR AIRWAYS,DXB,Chennai Airport,2025-12-05,22:55,03:16,4h 21m,non-stop,3009.3,Business,5 days,Winter,Friday,Boeing 787 Dreamliner,Website,3,176572.83
FL166621,Thai Airways,Bangkok Airport,Singapore,2026-11-11,16:35,22:13,5h 39m,2 stops,1470.4,Premium Economy,59,Autumn,Wednesday,Airbus A380,Travel Agent,4,15000
FL143455,Etihad Airways,Frankfurt,Singapore,2025-11-07,01:40,17:28,15h 49m,1,10722.5,Economy,,Autumn,Friday,Airbus A380,,3,110190.18
FL162526,Qatar Airways,LHR,Mumbai,2026-02-23,17:20,5:29 AM,12.16,2,7206.1,Economy,,Winter,Monday,Airbus A320,Website,2,112827.55
FL158856,THAI AIRWAYS,Bangkok Airport,,2025-02-24,7:00 PM,8:50 AM,13h 51m,2,7668.7,Premium Economy,101,Winter,Monday,Boeing 787 Dreamliner,Third-Party,2,81745.59
FL185209,Indigo,Goa,Delhi,2026-12-25,10:00 PM,00:29,2h 30m,non-stop,1558.4,Economy,23,Winter,Friday,Boeing 737,Website,1,11774.14
FL147183,Emirates,London,Delhi,2025-08-29,02:25,1:09 PM,10h 45m,1,7144.6,Premium Economy,29,Monsoon,Friday,Boeing 777,Website,1,72978.66
FL186458,Indigo,,Goa,2025-12-16,6:50 AM,7:48 AM,0h 59m,,,First,2,Winter,Tuesday,Boeing 737,Website,2,13271.27
FL105308,Vistara,Ahmedabad,Hyderabad Airport,2025-07-01,6:05 PM,7:45 PM,1h 40m,non-stop,912.1,Economy,45,Monsoon,Tuesday,Boeing 737,Third-Party,4,4960.85
FL153779,Etihad Airways,JFK,Ahmedabad,2025-04-24,10:35 AM,03:29,16h 55m,0,12800.0,Economy,6,Summer,Thursday,Airbus A350,Airport Counter,1,200000
FL171910,Singapore Airlines,Sydney,New York Airport,2025-05-28,5:30 AM,04:06,22h 36m,0,17240.6,Economy,89,Summer,,Boeing 787 Dreamliner,Website,1,289.37
FL196769,Vistara,Ahmedabad Airport,Delhi Airport,2026-03-14,08:40,12:39,4h 00m,2,793.3,Premium Economy,44 days,Summer,Saturday,ATR 72,Mobile App,5,6599.7
FL110612,Etihad Airways,Pune Airport,BKK,2025-04-27,8:20 PM,00:40,4h 20m,non-stop,2996.4,Business,4,Summer,Sunday,Airbus A350,Mobile App,2,137684.81
FL123826,,Delhi,SIN,2026-12-05,15:40,21:32,5.88,0,4195.0,Economy,26,Winter,Saturday,Airbus A320,Airport Counter,1,58462.78
FL186213,British Airways,Singapore,Chennai,2026-06-03,2:20 AM,06:40,4h 21m,0,3002.0,Business,1,Monsoon,Wednesday,Boeing 787 Dreamliner,Website,4,"Rs. 200,000.00"
FL113227,AirAsia India,Delhi Airport,Chennai Airport,2026-10-22,11:50 PM,2:35 AM,2h 45m,0,1758.2,Economy,63,Autumn,Thursday,Boeing 737,Mobile App,3,8530.63
FL146245,Singapore Airlines,Sydney,Bangalore,2025-06-05,00:35,1:17 PM,12h 43m,0,9522.6,Economy,38,Monsoon,Thursday,,Airport Counter,2,89750.71
FL177839,AirAsia India,Chennai,Mumbai,2025-08-20,03:55,5:46 AM,1.87,0,1065.8,Economy,73,Monsoon,Wednesday,Airbus A321,Mobile App,1,3214.12
FL195074,Lufthansa,Dubai,JFK,2025-07-06,05:10,9:26 PM,976 min,1,11295.9,Premium Economy,13,Monsoon,Sunday,Airbus A380,Website,3,181433.44
FL166539,Etihad Airways,Bangalore,DOH,2026-03-31,16:35,9:18 PM,4h 43m,0,3291.1,Business,31,Summer,,Boeing 787 Dreamliner,Travel Agent,1,95295.3
FL124545,British Airways,Sydney Airport,Hyderabad,2025-06-29,15:05,04:13,13h 08m,non-stop,9858.0,Economy,27,Monsoon,Sunday,Boeing 787 Dreamliner,Mobile App,3,
FL153644,GoFirst,Delhi,Pune,2026-05-31,12:25,14:28,2h 04m,0,1215.6,Economy,80,Summer,Sunday,Airbus A320,Travel Agent,2,6973.55
FL125229,SpiceJet,BOM,Hyderabad,2026-09-15,02:45,05:16,2h 31m,1,644.5,First,26,Monsoon,Tuesday,Airbus A321,,1,10572.07
FL146944,Etihad Airways,Jaipur,Singapore,,19:15,02:43,,1 stop,4408.0,Economy,19,Autumn,,Airbus A380,Website,1,34933.54
FL110802,Thai Airways,Singapore,Sydney,2025-04-22,02:25,,648 min,1,6729.6,Economy,85,Summer,Tuesday,Airbus A320,Airport Counter,3,67302.0
FL168610,,Singapore Airport,Jaipur,2026-09-09,,23:16,7h 31m,1,4338.0,Economy,160,Monsoon,Wednesday,Airbus A320,Website,one,37253.83
FL144673,British Airways,Frankfurt,Sydney,2025-03-02,19:40,19:45,24h 06m,1,,Economy,38,Summer,Sunday,Airbus A320,,4,140565.54
FL164747,AirAsia India,Jaipur,PNQ,,12:15,,1h 46m,non-stop,989.6,Economy,26,Monsoon,Saturday,ATR 72,Mobile App,3,5500.6
FL150583,Thai Airways,London,New York,2025-02-23,09:35,19:00,9h 25m,1,5779.0 km,Economy,13,Winter,Sunday,Boeing 777,Website,2,69040.83
FL182586,Lufthansa,Kolkata Airport,London,2025-06-09,10:35,9:23 PM,10h 48m,0,8039.5,Business,116,Monsoon,Monday,Boeing 777,Airport Counter,1,200000
FL138623,Indigo,Jaipur Airport,Ahmedabad,2026-07-12,09:50,11:01,1h 12m,0,544.7,Economy,23,Monsoon,Sunday,Airbus A320,Website,1,2789.07
FL150071,Vistara,JAI,GOI,2026-08-08,21:15,12:59 AM,3h 45m,1 stop,1329.1,Economy,,Monsoon,Saturday,,Third-Party,2,5259.37
FL164643,Singapore Airlines,,Hyderabad,2025-10-11,7:00 PM,2:58 AM,7h 59m,2,3120.0,Economy,39,Autumn,Saturday,Airbus A350,Mobile App,2,27277.07
FL133452,British Airways,Doha,Singapore,2026-10-01,6:40 PM,04:46,10h 07m,1,,Premium Economy,20,Autumn,Thursday,Boeing 777,Mobile App,2,85189.15
FL146659,Etihad Airways,New York,Hyderabad,2025-07-25,13:00,09:14,20.25,2,13292.4,Economy,3,Monsoon,Friday,Airbus A380,Website,2,200000
FL150563,Indigo,Delhi,Chennai,2026-09-18,08:45,11:32,2h 47m,0,,Economy,11,Monsoon,Friday,Airbus A320,Travel Agent,2,13369.96
FL195664,GoFirst,Jaipur Airport,MAA,2026-11-15,15:30,8:47 PM,5.29,2 stops,1723.4,Premium Economy,22,Autumn,Sunday,Boeing 737,Mobile App,1,12992.5
FL115518,Singapore Airlines,,Bangalore Airport,,23:30,09:43,10h 14m,0,7586.3,Economy,110,Monsoon,,Boeing 787 Dreamliner,,2,81082.96
FL181375,Emirates,Dubai,Sydney Airport,2025-11-25,02:35,18:50,16h 15m,0,12287.8,Premium Economy,41,Autumn,Tuesday,Boeing 777,Third-Party,2,180121.12
FL155115,,Mumbai Airport,Chennai,2026-06-02,11:20 AM,13:12,1.88,0,1075.3,Business,83,Monsoon,Tuesday,Airbus A321,Mobile App,2,14166.44
FL157977,,Frankfurt,New York,2026-01-29,14:20,12:53 AM,10h 33m,1,6449.3,Premium Economy,7,Winter,Thursday,Airbus A320,Travel Agent,3,117367.92
FL157430,Qatar Airways,Sydney Airport,Pune,2025-03-13,16:15,7:02 AM,887 min,1,10095.6 km,Premium Economy,5,Summer,Thursday,Airbus A350,Website,1,200000
FL193741,Emirates,JAI,Sydney Airport,2025-02-02,04:40,8:45 PM,,1,,Business,3,Winter,Sunday,Airbus A350,Travel Agent,2,200000
FL113159,SpiceJet,Bangalore Airport,Mumbai Airport,2025-02-12,6:10 AM,09:14,3h 05m,1 stop,886.1,Economy,35,Winter,Wednesday,ATR 72,Website,1,2733.45
FL108929,AirAsia India,MAA,Ahmedabad,2025-07-08,7:25 AM,1:16 PM,5h 51m,2 stops,1375.9,Business,33,Monsoon,Tuesday,ATR 72,Website,3,9746.51
FL150164,Singapore Airlines,Chennai,Sydney Airport,2025-10-29,7:50 PM,8:50 AM,13.01,non-stop,9760.0,Premium Economy,98,,Wednesday,Boeing 777,Travel Agent,1,144983.78
FL161052,Air India,MAA,Jaipur,2026-06-03,12:20 AM,02:59,2h 39m,0,1678.2,Economy,5,Monsoon,Wednesday,Airbus A321,Website,2,12751.43
FL186849,Indigo,Ahmedabad,Chennai,2025-06-06,07:40,11:28,3h 48m,1 stop,1389.7,Premium Economy,38,Monsoon,Friday,Airbus A321,,4,9717.88
FL114434,Emirates,Doha,Kolkata,2025-12-03,12:10,17:29,5h 20m,non-stop,3769.3,Economy,0,Winter,Wednesday,,Third-Party,1,70490.5
FL137468,,Sydney,CCU,2025-03-06,09:55,00:10,14.26,1,9792.4,Economy,10,Summer,Thursday,Airbus A380,Mobile App,2,100162.47
FL172486,Qatar Airways,Delhi,Singapore,2025-01-17,2:15 PM,,5h 50m,0,4159.9,Economy,1,Winter,Friday,Boeing 787 Dreamliner,Mobile App,2,97789.61
FL167520,Thai Airways,New York,Dubai,2026-10-16,9:40 AM,1:01 AM,15h 21m,0,11583.4,Economy,177,Autumn,Friday,Boeing 777,Website,2,152964.29
FL192864,British Airways,Sydney,FRA,2025-06-24,15:35,13:47,22.22,non-stop,16938.1,Economy,17,Monsoon,Tuesday,,Third-Party,1,200000
FL169477,ETIHAD AIRWAYS,Goa,London Airport,2026-12-01,5:45 AM,19:24,13h 40m,2 stops,7707.6,Premium Economy,8,Winter,Tuesday,Airbus A320,Website,2,116499.46
FL103075,Qatar Airways,Ahmedabad,SIN,2026-01-05,11:30,18:48,,1 stop,4330.4,Economy,165,Winter,Monday,Airbus A380,Website,1,30991.56
FL149051,Emirates,Doha,Singapore,2025-08-21,7:10 PM,03:52,8h 42m,0,6399.6,Economy,178,Monsoon,Thursday,Airbus A380,Third-Party,1,45515.87
FL192526,Air India,Jaipur Airport,PNQ,2025-11-07,8:10 AM,12:57,4h 47m,2,980.3,Economy,36,Autumn,,Airbus A320,Website,1,4558.31
FL185936,Etihad Airways,New York,BLR,2026-07-06,01:25,9:56 PM,20h 31m,2,14019.5,Premium Economy,0,Monsoon,Monday,Airbus A320,Website,2,200000
FL116145,GoFirst,Pune,Chennai,2025-01-07,04:25,6:06 AM,1h 42m,0,934.2,Economy,8,,Tuesday,Airbus A321,Website,1,5525.45
FL144775,spicejet,AMD,MAA,2025-06-19,14:15,4:34 PM,2h 20m,non-stop,1426.8,Business,41,Monsoon,Thursday,Airbus A321,Mobile App,1,19131.0
FL104681,Etihad Airways,Goa,Dubai,2026-03-06,19:45,12:55 AM,5h 11m,1,2329.2,Premium Economy,1,Summer,Friday,Airbus A320,Mobile App,2,72531.63
FL114748,Etihad Airways,Delhi Airport,LHR,2025-09-29,10:35,11:04 PM,750 min,2 stops,,Economy,5,Monsoon,Monday,Airbus A320,Website,1,63550.76
FL159524,AirAsia India,Goa,Jaipur Airport,2025-01-13,9:55 PM,01:36,3h 41m,1,1395.2,First,51,Winter,Monday,ATR 72,Mobile App,3,25000
FL144618,Vistara,FRA,DOH,2025-12-13,16:25,11:09 PM,6h 45m,0,4870.4,Economy,122,Winter,Saturday,Boeing 787 Dreamliner,Travel Agent,1,40897.12
FL189200,Indigo,Ahmedabad Airport,Hyderabad,2026-04-14,07:15,10:08,2h 53m,1,900.0,Economy,8,Summer,Tuesday,Boeing 737,Website,1,5038.63
FL161803,Vistara,FRA,Dubai Airport,2025-08-28,6:30 AM,15:09,8h 39m,1 stop,5019.2,Economy,13,Monsoon,Thursday,Boeing 787 Dreamliner,Mobile App,2,57349.52
FL109410,,Kolkata,New York,2025-12-31,19:15,2:00 PM,18h 46m,1,12910.0,Economy,45,Winter,Wednesday,Boeing 787 Dreamliner,Third-Party,1,
FL190933,Lufthansa,,Goa,2026-06-19,,11:54 AM,5h 00m,1 stop,,Economy,15,Monsoon,Friday,Boeing 787 Dreamliner,Website,3,28370.12
FL152740,Qatar Airways,,Hyderabad Airport,2026-02-27,14:05,7:33 PM,5h 28m,1 stop,3079.4,,20,Winter,Friday,Airbus A350,Mobile App,2,44668.13
FL145420,Etihad Airways,Frankfurt Airport,DXB,2026-09-12,2:10 PM,9:18 PM,7h 09m,non-stop,5182.7,Economy,4,,Saturday,Boeing 787 Dreamliner,Website,,79537.17
FL120090,Thai Airways,Mumbai,SIN,2025-01-02,22:45,05:32,6.79,1,,Economy,41,Winter,Thursday,Boeing 787 Dreamliner,Website,3,29227.01
FL135746,Thai Airways,,Chennai,2026-12-31,19:45,11:59,16h 15m,2,9716.0,Premium Economy,43,Winter,Thursday,Airbus A320,Mobile App,4,113349.29
FL148201,Qatar Airways,Dubai,Ahmedabad,,11:20,15:55,4h 36m,1,,Economy,7,Summer,Tuesday,Boeing 777,Mobile App,,33643.88
FL137732,Lufthansa,LHR,GOI,2026-03-26,23:55,12:48,12h 54m,2,7663.4,Economy,19,Summer,Thursday,Boeing 787 Dreamliner,Mobile App,1,74009.54
FL117198,Vistara,Hyderabad,Singapore,2026-11-18,12:35,18:32,5h 57m,1,3403.7,Economy,166,Autumn,Wednesday,Airbus A350,Website,2,27366.56
FL136105,Emirates,Frankfurt,SYD,2025-03-05,9:15 PM,19:26,22h 11m,0,16916.1,Economy,132,Summer,Wednesday,Airbus A380,Airport Counter,1,151859.23
FL147505,Etihad Airways,Doha,JAI,2025-06-26,7:50 AM,1:15 PM,5h 25m,1 stop,2497.2,Premium Economy,10,Monsoon,Thursday,Airbus A350,Airport Counter,2,37655.88
FL158739,Lufthansa,Doha,Frankfurt,2026-03-25,5:20 PM,11:48 PM,6h 29m,0,4664.8,Economy,78,Summer,,Airbus A320,Third-Party,3,41450.15
FL189727,Thai Airways,Bangalore,Dubai Airport,2025-09-29,3:05 PM,20:16,5h 11m,1,,Business,8,Monsoon,Monday,Boeing 777,Website,1,83728.03
FL171356,Emirates,New York,Frankfurt,,1:10 PM,23:17,10h 07m,1,6329.9,,1,Monsoon,Saturday,,Third-Party,5,136083.74
FL168055,Vistara,Delhi,Frankfurt,2025-01-08,7:45 PM,,8h 38m,0,6339.4,Economy,35,Winter,Wednesday,Boeing 777,Mobile App,1,55208.87
FL195908,Qatar Airways,Jaipur,Singapore,2026-03-07,8:30 PM,2:26 AM,5h 56m,0,4243.3,Premium Economy,43,Summer,Saturday,Boeing 787 Dreamliner,Website,3,73793.45
FL166173,Qatar Airways,Jaipur,Singapore Airport,2025-05-27,15:35,23:01,,1 stop,4411.4,Premium Economy,34,Summer,Tuesday,Boeing 787 Dreamliner,Travel Agent,2,67581.66
FL131337,Lufthansa,Doha Airport,Goa,2026-03-22,20:20,00:22,4h 02m,0,2758.4,Economy,18,,Sunday,Airbus A380,Website,3,33409.55
FL150471,GoFirst,Jaipur,Hyderabad,2026-01-23,4:15 PM,8:31 PM,4h 16m,2,1154.0,Economy,92,Winter,Friday,Airbus A320,,3,3704.05
FL170490,SpiceJet,Bangalore,,2026-04-06,10:30,11:38,1h 08m,non-stop,499.8,,41,Summer,Monday,Boeing 737,Airport Counter,2,"Rs. 2,954.87"
FL169066,Emirates,DXB,Goa Airport,2026-10-02,7:05 AM,11:51,4.78,,2350.0,Business,4,Autumn,Friday,Airbus A320,Mobile App,1,103572.1
FL121027,Vistara,Sydney,Hyderabad,2025-08-12,00:50,1:36 PM,,0,9576.1,Business,39,Monsoon,Tuesday,Boeing 787 Dreamliner,Website,1,189350.69
FL134323,SpiceJet,,Mumbai,2026-07-19,10:30,1:46 PM,3h 17m,1,891.8,Economy,39,Monsoon,Sunday,Airbus A321,Mobile App,3,3244.22
FL111756,,Goa,Frankfurt,,17:05,4:38 AM,11.56,1,7433.0,Economy,115,Autumn,Thursday,Boeing 777,Airport Counter,2,63356.39
FL104390,British Airways,Hyderabad,Sydney,2026-11-14,14:05,3:48 AM,13h 44m,,10316.1,Economy,3,Autumn,Saturday,Boeing 777,Mobile App,1,
FL181981,Emirates,Delhi,Singapore,2025-08-29,5:55 AM,11:57 AM,6h 02m,0,4318.2,Business,5,Monsoon,Friday,Boeing 787 Dreamliner,Mobile App,1,181381.48
FL142188,Emirates,GOI,Dubai,2025-07-03,12:20 PM,3:46 PM,207 min,0,2300.0,Economy,42,Monsoon,Thursday,Boeing 777,Third-Party,1,19065.09
FL105764,SpiceJet,Bangalore,Hyderabad,2025-11-07,23:10,00:21,1h 11m,0,535.5,Economy,7,Autumn,Friday,Boeing 737,Website,3,3446.47
FL119430,Singapore Airlines,FRA,HYD,2026-12-09,11:35,01:12,818 min,2,7587.7,Economy,37,Winter,Wednesday,Boeing 777,Website,1,44460.01
FL125874,Etihad Airways,Dubai,Doha,2025-08-31,12:30 AM,03:13,2.73,1 stop,,Premium Economy,9,Monsoon,Sunday,Airbus A380,Mobile App,1,15000
FL131610,Lufthansa,Ahmedabad,Doha Airport,2026-05-27,6:00 AM,9:15 AM,3h 15m,0,2148.0,Economy,78,Summer,,Airbus A350,Website,2,
FL157340,Thai Airways,Doha,FRA,2026-05-12,14:45,21:27,6h 43m,0,4844.0,Premium Economy,7,Summer,Tuesday,,Website,2,105354.8
FL134251,Singapore Airlines,Dubai,Doha Airport,2025-08-12,5:55 PM,18:55,1h 01m,0,398.5,Economy,38,Monsoon,Tuesday,Airbus A350,Mobile App,1,15000
FL104418,Lufthansa,Singapore Airport,Pune,2025-12-27,21:10,,,non-stop,4039.4 km,Premium Economy,41,Winter,Saturday,Boeing 777,Mobile App,1,75830.69
FL168154,Emirates,Doha,Bangkok,2026-07-29,12:00,8:53 PM,533 min,1,5493.7,Economy,39,,Wednesday,Boeing 787 Dreamliner,Website,1,36005.11
FL149678,Emirates,New York,Goa,2025-10-01,07:20,01:41,,non-stop,13932.2,Economy,171,Autumn,Wednesday,Airbus A320,Website,1,152925.83
FL118710,SpiceJet,JAI,CCU,2026-06-25,2:15 PM,16:33,2h 19m,0,1413.1,Business,44,Monsoon,Thursday,Airbus A321,Travel Agent,1,12326.16
FL130854,British Airways,Ahmedabad,LHR,2026-01-11,03:15,2:13 PM,658 min,1 stop,7286.5,Economy,133,Winter,Sunday,,Mobile App,2,91282.41
FL113868,Qatar Airways,Dubai,GOI,2025-02-01,6:20 AM,11:15,,1,2312.6,First,142,Winter,Saturday,Airbus A350,Mobile App,2,90246.69
FL152583,AirAsia India,Hyderabad,Goa,2026-05-15,3:25 AM,06:11,2h 46m,1 stop,571.2,Economy,13,Summer,Friday,Airbus A320,Website,2,
FL141965,Qatar Airways,Doha,LHR,2026-10-16,10:35,6:06 PM,7h 32m,0,5480.7,Economy,,Autumn,,,Website,3,89577.81
FL162729,AirAsia India,Bangalore,Delhi,2026-07-26,11:20 PM,2:04 AM,2h 45m,non-stop,1751.5,Economy,7,Monsoon,,Airbus A321,Third-Party,5,10751.5
FL184036,Thai Airways,Bangalore,Dubai,2026-03-21,,8:23 AM,4h 14m,non-stop,2910.2,Economy,65,Summer,Saturday,Airbus A350,Travel Agent,2,40975.97
FL171384,Indigo,Chennai Airport,Goa Airport,2025-08-28,04:00,05:29,1h 30m,non-stop,779.3,Premium Economy,7,Monsoon,,Boeing 737,Website,3,7696.65
FL127015,British Airways,SIN,DEL,2026-07-16,06:50,1:00 PM,370 min,non-stop,4425.0,Business,41,,Thursday,Airbus A320,Airport Counter,1,94489.68
FL174206,Vistara,Doha,Chennai,2025-04-15,16:50,23:24,6h 34m,1 stop,3378.8,Economy,4,Summer,Tuesday,Airbus A380,Mobile App,2,38633.5
FL150569,lufthansa,Doha,AMD,2025-09-25,10:25,1:52 PM,3h 27m,0,2304.8,Economy,4,Monsoon,Thursday,Boeing 787 Dreamliner,Website,1,22087.93
FL156846,Indigo,GOI,Mumbai,2025-05-03,2:30 PM,17:13,2h 44m,,455.0,Economy,44,,Saturday,Boeing 737,Travel Agent,2,2176.95
FL162988,GoFirst,Ahmedabad,Kolkata Airport,2026-06-21,23:00,01:39,2.66,0,1688.1,Economy,30,Monsoon,Sunday,Boeing 737,Travel Agent,2,10604.28
FL165489,Etihad Airways,Frankfurt,Chennai,2025-07-23,18:25,8:06 AM,13.69,2,8042.5,Premium Economy,6,Monsoon,Wednesday,Airbus A380,Website,3,145367.97
FL193365,AirAsia India,Bangalore,Hyderabad,2025-02-17,00:55,2:04 AM,1.16,0,516.7 km,Economy,5,Winter,,Airbus A321,,2,2803.5
FL168659,AirAsia India,Ahmedabad Airport,Chennai Airport,2025-08-10,5:05 PM,7:22 PM,2h 17m,non-stop,1397.4,Premium Economy,0,Monsoon,Sunday,Airbus A320,Website,2,20301.02
FL132558,Qatar Airways,Dubai,New York,,22:50,2:03 PM,15h 13m,0,11482.1,First,1,Winter,Saturday,Boeing 787 Dreamliner,Mobile App,2,200000
FL183146,Qatar Airways,New York,Jaipur Airport,2026-10-30,03:30,9:27 PM,17h 58m,1,12287.3,Economy,34,Autumn,Friday,Airbus A350,Website,2,130765.98
FL101616,AirAsia India,,Kolkata,2025-05-24,02:15,06:39,4h 24m,1 stop,1826.9,Economy,5,Summer,Saturday,Boeing 737,Mobile App,,11390.85
FL147971,Etihad Airways,London,Doha,2025-08-16,2:35 PM,10:15 PM,7h 41m,non-stop,,Economy,44,Monsoon,Saturday,,Website,1,44092.29
FL110695,Qatar Airways,Chennai,Frankfurt,2025-05-22,8:35 PM,07:22,10h 47m,non-stop,8024.1,Economy,3,Summer,Thursday,Boeing 787 Dreamliner,Website,6,121877.03
FL117816,Thai Airways,FRA,Goa Airport,2026-04-28,8:00 AM,19:03,11h 04m,1 stop,7457.3,First,122,Summer,Tuesday,Airbus A320,Website,2,200000
FL196610,Indigo,Pune,Chennai,2026-07-30,9:05 AM,12:11,,1 stop,982.3,Economy,9,Monsoon,Thursday,ATR 72,Airport Counter,1,3778.69
FL110165,Etihad Airways,New York,Hyderabad,2025-03-23,21:20,4:06 PM,18h 47m,1 stop,13217.3,Economy,37,,Sunday,Airbus A380,Website,3,116558.27
FL111144,Qatar Airways,London,DXB,2025-05-19,4:10 AM,1:29 PM,9h 20m,1,5836.1,Economy,44,Summer,Monday,Airbus A320,Mobile App,5,48136.51
FL122653,Qatar Airways,Bangkok,BOM,2026-01-04,20:55,2:51 AM,5h 56m,1,3223.6,Economy,160,Winter,Sunday,Boeing 787 Dreamliner,Website,1,32267.77
FL100811,Vistara,Pune Airport,JAI,2026-04-30,4:30 AM,8:02 AM,3h 33m,1 stop,1013.4,Economy,51,Summer,Thursday,Airbus A320,Mobile App,1,5398.99
FL108461,GoFirst,Ahmedabad,Kolkata,2026-10-06,5:40 PM,,2h 35m,0,1624.8,Economy,163,Autumn,Tuesday,ATR 72,Travel Agent,3,5976.3
FL116967,Etihad Airways,Bangkok Airport,Bangalore,2026-01-14,00:05,03:55,3h 50m,0,2603.8,Economy,21,Winter,Wednesday,Boeing 777,Website,2,22231.0
FL134338,Emirates,London,Sydney,2025-12-25,23:25,11:31 PM,24h 06m,1 stop,17031.4,Economy,3,Winter,Thursday,Boeing 787 Dreamliner,Third-Party,1,200000
FL195310,Qatar Airways,London,New York,2026-06-07,12:20,21:56,9h 37m,1,5904.5,Economy,85,Monsoon,Sunday,Airbus A350,Mobile App,4,61573.55
FL171521,Emirates,Singapore,Doha,2025-01-26,12:40 PM,11:56 PM,11h 17m,2,6641.3,Economy,1,Winter,Sunday,Boeing 777,Mobile App,2,112799.8
FL106541,Lufthansa,DEL,Singapore,2025-03-02,00:30,7:25 AM,6h 56m,1,4173.3,Business,28,Summer,Sunday,Boeing 777,Third-Party,one,189102.13
FL148351,Thai Airways,HYD,,2026-09-08,2:30 AM,4:42 PM,14.20,1,9715.9,Economy,52,Monsoon,Tuesday,Boeing 777,Website,2,97042.72
FL156035,Qatar Airways,CCU,Doha,2026-10-12,06:05,13:08,7h 04m,1 stop,3988.4,Economy,5 days,Autumn,Monday,Airbus A350,Website,2,51133.78
FL180263,Vistara,Mumbai,Bangalore,2026-11-08,13:45,15:20,1h 36m,non-stop,857.5,Economy,62,Autumn,Sunday,Airbus A320,Mobile App,1,4590.59
FL126511,Etihad Airways,JFK,Ahmedabad,2026-10-08,02:20,8:14 PM,17h 54m,1,12430.4,Premium Economy,,Autumn,Thursday,Airbus A380,Third-Party,2,153107.34
FL122436,Singapore Airlines,Doha,Bangalore,2025-06-02,22:40,4:45 AM,6h 06m,1,3180.9,Business,18,Monsoon,,Airbus A380,,1,110291.54
FL159800,British Airways,Singapore,Sydney,2025-11-24,12:55 AM,11:20,10h 26m,1 stop,6389.9,,22,Autumn,Monday,Boeing 787 Dreamliner,Travel Agent,1,79463.93
FL183455,BRITISH AIRWAYS,Hyderabad,FRA,2026-12-21,19:10,05:09,10h 00m,non-stop,7409.9,Economy,4,Winter,Monday,Boeing 787 Dreamliner,Third-Party,1,134634.55
FL155620,Singapore Airlines,Dubai,London,2025-12-14,1:10 PM,23:43,,2,,Economy,125,Winter,Sunday,Airbus A380,Website,1,47913.13
FL170379,Emirates,Dubai,Bangkok,2026-01-31,00:10,6:58 AM,6h 48m,0,4914.9,,0,Winter,Saturday,Airbus A380,,3,112525.8
FL127920,emirates,Singapore,Sydney Airport,2026-04-18,12:30,12:33 AM,12h 04m,2 stops,6799.4,Economy,10,Summer,Saturday,Airbus A350,Website,6,
FL110458,Emirates,Ahmedabad,Singapore,2026-05-28,06:35,12:34,5h 59m,0,4283.4,Economy,3,Summer,Thursday,Boeing 777,Third-Party,2,67499.78
FL152217,Thai Airways,Chennai,Bangkok Airport,2026-11-24,9:55 PM,01:13,3h 19m,,2197.0,Economy,12,Autumn,Tuesday,Airbus A380,Mobile App,,22112.96
FL142154,QATAR AIRWAYS,JFK,PNQ,2026-08-28,03:45,8:46 PM,17h 01m,non-stop,12886.3,Premium Economy,9,Monsoon,Friday,Airbus A320,Website,1,200000
FL194836,British Airways,Mumbai,Sydney,2025-10-28,13:15,05:05,15h 51m,1,10618.7,Business,,Autumn,Tuesday,,Mobile App,2,200000
FL132639,Air India,Goa Airport,Hyderabad,2026-01-24,05:40,6:53 AM,1h 13m,0,564.4,Economy,12,Winter,Saturday,Boeing 737,Mobile App,2,5460.18
FL125282,Qatar Airways,Goa,LHR,2025-07-09,07:15,5:27 PM,10h 12m,0,7569.9,Economy,43,Monsoon,Wednesday,Boeing 777,Website,3,77780.07
FL130476,Vistara,Sydney,Hyderabad Airport,2025-04-30,4:15 PM,5:31 AM,13h 16m,non-stop,9963.7,Economy,18,Summer,Wednesday,Boeing 777,Mobile App,4,103331.07
FL169538,GoFirst,Pune,Ahmedabad,2026-03-16,21:20,10:30 PM,1h 11m,0,532.6,Economy,1,Summer,,Airbus A320,Mobile App,1,5154.1
FL104731,Vistara,Singapore,Dubai Airport,2026-09-19,7:40 AM,4:54 PM,9h 14m,1 stop,5954.4,Business,7,,Saturday,Airbus A320,Mobile App,1,155354.02
FL122921,British Airways,Frankfurt,Chennai,2026-01-01,9:45 AM,8:33 PM,10h 49m,0,8041.3,First,31,Winter,Thursday,Airbus A380,Mobile App,1,200000
FL174588,Lufthansa,Doha,DEL,2026-10-15,01:45,05:35,3h 51m,0,2610.6,Business,29,Autumn,Thursday,Airbus A380,Mobile App,5,97721.4
FL163746,SINGAPORE AIRLINES,London,Dubai,2025-08-08,18:30,04:42,10h 13m,2,,Business,58,Monsoon,Friday,Airbus A320,Travel Agent,1,
FL131410,Emirates,London,Frankfurt,,2:15 PM,15:35,1h 21m,0,657.6,Economy,10,Monsoon,Sunday,Boeing 777,Mobile App,2,15000
FL170777,Emirates,New York Airport,DOH,2026-03-26,04:35,8:31 PM,15h 56m,1,10997.2,Economy,19,Summer,Thursday,Airbus A320,Website,2,129199.21
FL108537,Thai Airways,Jaipur,Dubai,2025-01-31,,17:57,6h 22m,2,2122.7,First,10,Winter,Friday,Boeing 777,Website,1,98068.69
FL150576,Lufthansa,DXB,SIN,2026-03-17,16:50,04:34,704 min,2 stops,6051.4,Business,26,Summer,Tuesday,Airbus A320,Website,3,200000
FL113368,SpiceJet,Delhi,Pune,,6:35 AM,8:36 AM,2h 02m,0,1193.2,Economy,45,Autumn,Thursday,ATR 72,Travel Agent,one,"Rs. 4,072.35"
FL172554,Thai Airways,DOH,London,2026-05-11,13:20,20:54,7.58,non-stop,5523.3,,23,Summer,Monday,Boeing 787 Dreamliner,Travel Agent,1,125664.55
FL148032,Qatar Airways,DOH,,2025-09-30,11:00 AM,15:45,4h 46m,1,2449.2,Premium Economy,102,Monsoon,Tuesday,Airbus A320,Third-Party,1,32822.79
FL139774,Indigo,AMD,DEL,2026-11-18,7:05 AM,10:19,3h 15m,1 stop,797.6,First,10,Autumn,Wednesday,Airbus A321,Website,1,16676.55
FL165359,EMIRATES,Ahmedabad,,2026-11-20,15:15,06:09,,0,11236.1,Premium Economy,36,Autumn,Friday,Boeing 787 Dreamliner,Website,3,"Rs. 162,521.40"
FL191129,Etihad Airways,Doha,Hyderabad,2025-09-21,21:45,04:29,6h 44m,2,2966.0,Economy,30,Monsoon,,Airbus A350,Website,2,31344.0
FL129436,Singapore Airlines,Frankfurt,Sydney,2025-03-22,00:35,22:25,21.84,non-stop,16648.9,Economy,93,Summer,Saturday,Airbus A350,Website,1,200000
FL120614,Air India,Hyderabad,BLR,2026-10-25,02:50,4:00 AM,70 min,0,525.9,Economy,31,Autumn,Sunday,Airbus A320,Mobile App,1,3123.09
FL176030,SpiceJet,GOI,Ahmedabad Airport,2026-04-21,,10:37 PM,97 min,0,874.5,Economy,8,Summer,Tuesday,Boeing 737,Third-Party,2,6737.24
FL132740,qatar airways,HYD,Frankfurt,2026-05-18,03:25,2:52 PM,11h 28m,,7571.0,Economy,2,Summer,Monday,Boeing 787 Dreamliner,Third-Party,2,160893.68
FL167454,Lufthansa,Hyderabad,Bangkok Airport,2026-10-26,14:00,17:48,3h 49m,non-stop,,Economy,156,Autumn,Monday,Airbus A350,Travel Agent,1,
FL144343,AIR INDIA,Kolkata,Bangalore,2026-06-30,01:30,5:42 AM,4.20,1,1562.4,Economy,36,Monsoon,Tuesday,Airbus A321,Third-Party,4,5236.84
FL170026,British Airways,DEL,JFK,2026-05-31,3:50 PM,10:37 AM,18h 48m,2 stops,12555.4,Economy,10,,Sunday,Boeing 777,Travel Agent,1,146295.6
FL188142,Etihad Airways,BKK,Ahmedabad Airport,2025-01-30,5:45 PM,23:41,356 min,1 stop,3337.3,Economy,4,Winter,Thursday,Boeing 777,Third-Party,,36762.33
FL196781,indigo,DEL,Ahmedabad Airport,2025-11-29,00:00,1:32 AM,1h 32m,0,811.2,Business,7,Autumn,Saturday,Boeing 737,Travel Agent,1,18918.41
FL152016,,FRA,Sydney,2026-04-28,18:20,17:00,22h 40m,0,17293.3,Economy,26,Summer,Tuesday,Airbus A380,Website,,200000
FL120796,Etihad Airways,Doha,Mumbai,2025-12-13,14:25,5:53 PM,,0,2319.5,Economy,34,Winter,Saturday,Boeing 787 Dreamliner,Third-Party,one,"Rs. 19,968.15"
FL157794,Indigo,PNQ,BOM,2025-07-25,,13:50,0h 45m,0,150,Premium Economy,6,Monsoon,Friday,Airbus A320,Mobile App,1,2000
FL186890,Singapore Airlines,Ahmedabad Airport,Bangkok Airport,2025-03-08,14:50,,4.78,non-stop,3335.1,,,Summer,Saturday,Airbus A320,,6,44247.8
FL182641,Thai Airways,JFK,Pune,2025-01-06,08:55,04:53,19.97,2,13006.5,Economy,136,Winter,Monday,Boeing 787 Dreamliner,Mobile App,5,
FL151977,Singapore Airlines,London,Ahmedabad,,07:35,17:07,9h 32m,non-stop,7050.4,Premium Economy,11,,Sunday,Airbus A380,Website,1,131095.05
FL189799,AirAsia India,Goa,Bangalore,2025-06-25,11:25 AM,,1h 08m,non-stop,487.9,Premium Economy,45,Monsoon,Wednesday,ATR 72,Mobile App,4,3242.75
FL107319,AirAsia India,Kolkata Airport,Delhi,2025-04-03,23:50,03:21,3h 32m,1 stop,1371.0,Economy,1,Summer,Thursday,Boeing 737,Airport Counter,2,14420.43
FL103276,GoFirst,Hyderabad,Jaipur,2026-06-17,03:45,5:44 AM,2.00,non-stop,,,123,,Wednesday,Boeing 737,Website,2,8261.94
FL163985,AirAsia India,Goa,Jaipur,2026-03-19,9:00 AM,12:58 PM,3.98,1,1399.3,Economy,4,Summer,Thursday,Airbus A320,Website,6,9671.02
FL184472,Etihad Airways,Mumbai,Bangkok,2026-04-10,6:30 AM,10:52,,non-stop,3016.8,Economy,159,Summer,Friday,Boeing 787 Dreamliner,Travel Agent,1,36246.19
FL141053,Emirates,London,,2025-09-27,,03:42,458 min,0,,Economy,21,Monsoon,Saturday,Boeing 777,Third-Party,1,63731.43
FL161016,Qatar Airways,Chennai,JFK,,09:20,03:39,1099 min,non-stop,13903.4,Economy,97,Winter,Monday,Airbus A380,Travel Agent,4,187299.52
FL143881,Qatar Airways,Bangkok,Singapore Airport,2025-02-21,00:55,03:19,2h 25m,0,1489.1,Premium Economy,1,Winter,Friday,Airbus A380,Website,4,49930.63
FL107685,Thai Airways,Bangkok,Sydney,2025-06-03,16:10,04:27,12h 18m,1,8031.2,Economy,28,Monsoon,Tuesday,Airbus A320,Travel Agent,3,102664.44
FL186509,Singapore Airlines,Pune,Sydney,2026-08-04,10:50 PM,13:39,14h 50m,1 stop,10122.4,Economy,,Monsoon,,Boeing 777,Website,4,123172.19
FL122126,Lufthansa,Frankfurt,Hyderabad,2025-03-16,,16:36,11h 42m,1 stop,7438.2,Economy,1,Summer,Sunday,Airbus A350,Travel Agent,1,178269.35
FL159670,Emirates,Doha,Goa Airport,2026-03-01,10:45,16:04,320 min,1 stop,2639.0,Economy,3,Summer,Sunday,Airbus A320,Mobile App,1,57859.08
FL106073,Emirates,Bangkok,Mumbai,2026-09-05,22:10,05:44,7h 34m,2 stops,3096.9 km,Economy,10,Monsoon,Saturday,Airbus A320,Website,6,27389.44
FL154866,Vistara,Bangalore Airport,Hyderabad,2025-07-16,10:45,11:55,1h 11m,non-stop,530.2,Economy,23,,Wednesday,Airbus A321,Mobile App,,3922.79
FL141346,GOFIRST,MAA,Kolkata,2025-04-10,2:10 AM,4:30 AM,2h 20m,0,1433.2,Economy,42,Summer,Thursday,,Mobile App,1,6110.38
FL118364,Etihad Airways,London,SIN,2026-08-17,06:15,10:42 PM,16h 27m,1 stop,11352.3,Business,,Monsoon,Monday,Airbus A380,Travel Agent,1,200000
FL116443,GoFirst,Bangalore,AMD,2026-06-03,12:45 PM,4:15 PM,3h 31m,1 stop,1251.1,Economy,135,Monsoon,Wednesday,Boeing 737,Website,1,4779.33
FL137552,Vistara,Delhi,Bangalore,2026-07-09,4:55 PM,9:24 PM,4h 30m,,1802.3,Economy,11,Monsoon,Thursday,Airbus A321,Travel Agent,4,7493.78
FL189076,QATAR AIRWAYS,London,Hyderabad,2026-07-07,03:00,15:00,721 min,1 stop,7990.2,,63,Monsoon,Tuesday,Airbus A380,Mobile App,1,200000
FL129442,Qatar Airways,Frankfurt,Hyderabad,2025-01-06,15:20,02:43,684 min,,7472.8,Economy,36,Winter,Monday,Airbus A350,Travel Agent,4,80870.11
FL184063,thai airways,Frankfurt,Goa,2025-08-01,10:40 PM,,11h 13m,1,7406.6,Economy,14,,Friday,Boeing 777,Airport Counter,1,69608.37
FL121274,THAI AIRWAYS,Jaipur Airport,New York,2025-10-02,10:05,03:16,17h 12m,1 stop,12229.9,Economy,41,Autumn,Thursday,Airbus A320,Travel Agent,1,97911.88
FL123222,Emirates,New York,Singapore,2025-01-03,12:15 AM,22:48,1354 min,1,16342.3,Economy,40,Winter,Friday,Boeing 777,Mobile App,1,200000
FL117448,Vistara,Jaipur Airport,CCU,2025-03-01,1:30 PM,4:53 PM,,1 stop,1455.4,Premium Economy,,Summer,Saturday,Airbus A320,Website,1,10809.98
FL182485,Indigo,,Ahmedabad,2026-06-17,07:35,12:28,4.90,2 stops,,Economy,45,Monsoon,Wednesday,Airbus A321,Third-Party,,2313.66
FL126473,QATAR AIRWAYS,,Dubai,2026-09-04,21:30,13:49,16h 19m,non-stop,12342.7,Economy,9,Monsoon,Friday,Airbus A380,Third-Party,1,146233.92
FL160950,Etihad Airways,Singapore,Sydney,2026-05-18,11:55,10:25 PM,10.51,1,6547.6,Business,12,,Monday,Airbus A350,Website,,200000
FL174842,Indigo,DEL,Hyderabad,2026-06-27,11:25,1:33 PM,2h 08m,0,1279.3,Premium Economy,14,Monsoon,Saturday,Boeing 737,,1,11031.89
FL140545,SpiceJet,Hyderabad,Jaipur,2026-01-01,09:30,11:29,2.00,0,1169.4,Premium Economy,0,Winter,Thursday,ATR 72,Website,3,13711.68
FL177488,AirAsia India,Pune,Ahmedabad,2026-01-18,12:00 AM,1:12 AM,1h 13m,non-stop,555.4,Economy,0,Winter,,,Website,2,4596.43
FL190956,singapore airlines,,Kolkata,2025-03-01,3:50 AM,10:24,6h 35m,2,3070.6,Economy,5,Summer,Saturday,Airbus A380,Travel Agent,3,30647.94
FL171664,THAI AIRWAYS,JFK,AMD,2026-01-23,16:35,10:20,17h 45m,1,12279.2,Business,37,,Friday,Airbus A380,Airport Counter,three,200000
FL181253,British Airways,Dubai,JAI,2026-11-20,2:25 PM,5:41 PM,3h 17m,,2165.6,Economy,0,Autumn,Friday,Airbus A350,Travel Agent,1,42512.35
FL189503,Emirates,Delhi,Doha,2025-12-01,4:10 AM,10:56,6h 46m,2 stops,2670.4,Economy,27,Winter,,Boeing 777,Mobile App,5,22757.93
FL134291,Etihad Airways,Bangkok,Sydney Airport,2025-11-13,17:55,06:42,12.78,2,7945.8,Economy,5,,Thursday,Boeing 787 Dreamliner,Travel Agent,3,62778.59
FL134039,Air India,Delhi,Kolkata,2025-12-16,3:40 PM,9:05 PM,5.43,,1346.0,Economy,1,Winter,Tuesday,ATR 72,,1,11847.29
FL108386,Vistara,Delhi,Doha,2026-02-12,07:10,12:47,5h 38m,1,2762.4,Business,1,Winter,Thursday,,Website,1,150073.71
FL156713,Thai Airways,Dubai,Bangkok,2026-04-02,17:15,12:06 AM,6h 51m,non-stop,4953.2,Premium Economy,14,Summer,Thursday,Airbus A350,Mobile App,2,124432.43
FL106006,British Airways,Hyderabad,Singapore,2026-10-27,12:25 AM,05:24,4h 59m,0,3498.9,Economy,3,Autumn,Tuesday,Airbus A380,Third-Party,1,48717.49
FL133696,singapore airlines,Chennai,Doha,2025-04-02,05:40,11:52,6h 13m,1,3413.7,Economy,162,Summer,Wednesday,Airbus A380,Website,1,25088.95
FL175570,Lufthansa,Chennai,London,,7:15 PM,7:40 AM,,1 stop,8387.4,Economy,34,Monsoon,Friday,Airbus A320,Website,2,61188.98
FL118616,Vistara,Goa,Delhi,2025-01-20,11:05,14:56,3h 51m,1,1528.6,Economy,13,Winter,Monday,ATR 72,,5,6532.83
FL192989,emirates,Jaipur,Singapore,2026-05-24,02:05,9:35 AM,7h 31m,1,,Business,1,Summer,Sunday,Airbus A380,Mobile App,3,200000
FL178394,Indigo,Hyderabad,Mumbai Airport,2026-11-07,16:05,7:04 PM,2h 59m,1 stop,657.4,Economy,12,Autumn,Saturday,Airbus A321,Third-Party,1,3413.76
FL183042,,Jaipur Airport,Mumbai,2026-12-15,12:20,14:04,1h 45m,non-stop,969.1,Economy,130,Winter,Tuesday,ATR 72,Third-Party,1,3480.99
FL185877,ETIHAD AIRWAYS,Bangkok Airport,Frankfurt Airport,2026-08-16,1:20 AM,17:31,16h 12m,2,9598.3,Economy,159,Monsoon,,Airbus A380,Website,4,76263.98
FL179859,Emirates,Doha,Hyderabad,2026-08-21,19:55,01:48,5h 53m,1 stop,2956.2,Economy,,Monsoon,Friday,Airbus A320,Third-Party,5,26120.87
FL189731,AirAsia India,Pune,Jaipur,2026-04-07,02:45,,2h 49m,1,991.4,Premium Economy,0,Summer,Tuesday,Airbus A320,Mobile App,3,10797.63
FL196660,Emirates,London,Bangalore,2025-06-01,22:35,09:44,11h 10m,0,8316.3,Premium Economy,45,Monsoon,Sunday,Airbus A380,Third-Party,3,161341.39
FL103114,QATAR AIRWAYS,Bangalore Airport,Doha,2026-09-27,2:45 AM,8:47 AM,362 min,1 stop,3278.1,Economy,13,Monsoon,Sunday,Airbus A380,Mobile App,5,49215.37
FL172292,Etihad Airways,Dubai Airport,GOI,2026-05-13,02:10,07:20,5h 11m,1 stop,2248.3,Economy,2,Summer,Wednesday,Airbus A350,Mobile App,1,35247.16
FL178074,Etihad Airways,Frankfurt,Sydney Airport,2026-06-20,10:20 PM,10:20 PM,24.01,,17493.6 km,Business,,Monsoon,Saturday,Boeing 787 Dreamliner,Mobile App,1,200000
FL176407,Vistara,,LHR,2025-02-03,04:10,7:52 PM,15h 43m,1,10895.8,Economy,5,Winter,Monday,Boeing 787 Dreamliner,Third-Party,3,157775.16
FL103289,Etihad Airways,,Frankfurt,2026-04-27,3:35 AM,14:00,10h 26m,1,6581.7,Premium Economy,0,Summer,Monday,Airbus A320,Mobile App,2,155252.35
FL129036,AIR INDIA,Sydney,Hyderabad,2025-01-02,3:10 AM,17:25,14h 16m,1 stop,9896.6,Business,9,Winter,Thursday,Airbus A350,Mobile App,1,200000
FL157992,,Jaipur,Sydney,2025-04-02,10:20,1:36 AM,15h 16m,1 stop,10437.3,Economy,17,Summer,Wednesday,,Website,4,103736.02
FL176587,,,New York,2026-12-06,18:55,16:11,21h 17m,0,16205.2,Economy,45,Winter,Sunday,Airbus A380,Travel Agent,2,160701.1
FL121381,Indigo,Chennai,Jaipur Airport,2026-10-02,6:50 PM,10:32 PM,3h 43m,1 stop,1623.4,Business,21,Autumn,Friday,Airbus A321,Mobile App,2,
FL155318,GoFirst,Delhi Airport,JAI,2025-01-07,8:50 AM,12:31,3h 41m,,238.5,Economy,14,Winter,Tuesday,Airbus A320,Mobile App,2,"Rs. 2,000.00"
FL123914,GoFirst,Bangalore Airport,Goa,2025-01-23,4:20 PM,17:27,1h 08m,0,489.0,,9,Winter,Thursday,Airbus A321,Mobile App,1,2518.18
FL186883,Qatar Airways,BLR,Doha,2026-10-29,7:25 AM,12:04,4h 39m,0,3237.9,Economy,37,Autumn,Thursday,Airbus A380,Mobile App,2,28135.26
FL109374,British Airways,Doha,Ahmedabad,2026-08-05,8:35 PM,1:20 AM,4h 46m,1,2291.0,Economy,9,Monsoon,Wednesday,Boeing 777,,2,24314.27
FL145454,Qatar Airways,Bangkok,Singapore,2025-06-30,22:30,2:18 AM,3h 49m,1,1470.2,Economy,6,Monsoon,Monday,Airbus A320,Third-Party,1,15000
FL145668,thai airways,,Bangalore,2025-11-18,12:20 AM,11:31 AM,11.19,0,8339.9,Economy,8,Autumn,Tuesday,Airbus A350,,1,134775.2
FL194010,SpiceJet,Bangalore,Goa,,11:05 AM,13:53,2.81,,505.2,Economy,31,Autumn,Monday,Boeing 737,Website,5,2000
FL167101,Lufthansa,Pune,Sydney Airport,2026-05-24,8:00 PM,1:02 PM,17.04,2,10205.4,Economy,11,Summer,Sunday,Airbus A320,Website,1,112683.5
FL188092,INDIGO,Jaipur,Pune,2025-01-11,19:00,8:47 PM,1h 47m,0,1003.4,Economy,10,,Saturday,ATR 72,Website,1,5469.9
FL185270,Emirates,New York,Goa Airport,2026-10-11,11:15,06:07,1132 min,1 stop,13337.3,Economy,,Autumn,Sunday,Airbus A350,Travel Agent,3,200000
FL150166,GoFirst,Bangalore,Jaipur,2025-10-27,03:50,6:23 AM,2h 34m,non-stop,1609.6,Business,20,Autumn,Monday,Airbus A320,Mobile App,6,25000
FL140425,Etihad Airways,Bangkok Airport,Singapore,2025-04-09,23:10,03:19,4h 10m,1 stop,1507.8,Economy,22,Summer,Wednesday,Airbus A350,Website,4,15000
FL160289,Etihad Airways,,FRA,2025-04-10,06:35,17:00,10h 26m,1,6582.5,Economy,0,Summer,Thursday,Airbus A320,Travel Agent,5,"Rs. 163,540.78"
FL150161,Lufthansa,London,Sydney,2025-05-18,06:40,5:45 AM,1386 min,0,17624.7,Economy,167,Summer,Sunday,Boeing 787 Dreamliner,Third-Party,2,170044.32
FL114175,Vistara,Frankfurt Airport,Bangalore,2025-11-11,1:10 AM,14:32,13h 22m,2 stops,7427.3,Economy,1,Autumn,Tuesday,Boeing 787 Dreamliner,Mobile App,3,86484.54
FL186112,VISTARA,JFK,Goa,2025-02-01,13:40,06:55,17h 16m,0,13073.1 km,Economy,13,Winter,Saturday,Boeing 777,Travel Agent,3,198917.68
FL185533,Qatar Airways,London Airport,Frankfurt,2025-04-27,2:25 PM,18:17,3h 53m,2 stops,685.1,Business,4,Summer,Sunday,Airbus A350,Third-Party,1,20281.93
FL152485,Vistara,Chennai,DXB,2026-08-27,02:50,09:02,6h 12m,1,3078.4,Economy,3,Monsoon,Thursday,Airbus A380,Mobile App,2,33677.8
FL145620,Qatar Airways,Pune Airport,New York Airport,2026-03-17,23:10,16:57,17h 48m,0,13490.2,Business,26,Summer,Tuesday,Boeing 787 Dreamliner,Travel Agent,two,200000
FL191894,Thai Airways,Doha,Dubai,2026-09-23,22:50,02:07,3h 18m,2,389.7,Business,32,Monsoon,Wednesday,Boeing 777,Airport Counter,1,15000
FL142215,emirates,Jaipur Airport,New York Airport,,12:55 PM,07:29,,2 stops,12055.8,Economy,,Summer,Friday,Boeing 787 Dreamliner,,5,140039.94
FL120347,emirates,London,Hyderabad,2026-01-30,10:15 PM,11:03,12h 48m,1,8231.9,Economy,13,Winter,Friday,Airbus A350,Third-Party,,147195.33
FL143333,SpiceJet,Mumbai,PNQ,2026-05-10,10:00 AM,11:55 AM,1h 55m,1,150,Economy,4,Summer,Sunday,Boeing 737,Website,6,268.24
FL106740,Qatar Airways,Pune,Singapore,2026-05-21,10:25 AM,3:48 PM,324 min,non-stop,3820.7,Economy,41,Summer,Thursday,Airbus A380,Website,2,44081.15
FL114313,Thai Airways,Bangalore,Bangkok,2026-08-18,02:00,05:42,223 min,0,2502.9,Economy,16,Monsoon,Tuesday,Boeing 787 Dreamliner,Mobile App,1,34187.61
FL172035,Qatar Airways,Hyderabad,New York,2025-11-04,04:50,00:20,,1,13582.9,Premium Economy,2,Autumn,Tuesday,Airbus A350,Website,1,200000
FL133968,British Airways,London,Kolkata Airport,2026-10-26,09:35,,13h 59m,2 stops,8005.9,Economy,4,Autumn,Monday,Airbus A380,Website,1,102977.07
FL177073,Singapore Airlines,Dubai,PNQ,2026-06-24,21:40,12:55 AM,3h 15m,0,2149.4,Economy,30,Monsoon,,Airbus A350,Third-Party,1,21310.94
FL104289,indigo,BLR,GOI,2025-09-26,16:10,17:17,1h 08m,non-stop,493.5,Economy,40,Monsoon,Friday,ATR 72,Mobile App,,2712.47
FL190065,SpiceJet,Pune,Mumbai,,,19:13,2.22,1,150,Economy,6,Winter,Wednesday,Boeing 737,Mobile App,2,2000
FL117284,Qatar Airways,Sydney,Bangkok,2025-02-19,09:55,22:03,12h 09m,1 stop,7691.7,,40,,Wednesday,Airbus A320,Third-Party,1,
FL146726,Singapore Airlines,DOH,Mumbai Airport,2025-03-20,15:35,8:16 PM,4.69,1 stop,2398.2,Economy,41,Summer,Thursday,Airbus A320,Travel Agent,1,19520.42
FL171373,British Airways,Frankfurt,Mumbai,2025-12-02,20:35,07:04,10h 29m,1 stop,6792.0,Business,48,Winter,Tuesday,,Third-Party,1,"Rs. 170,590.39"
FL197040,Lufthansa,Kolkata,Sydney,,5:55 PM,7:22 AM,13h 27m,1 stop,9312.8,Business,139,Monsoon,Monday,Boeing 787 Dreamliner,Website,1,200000
FL169981,British Airways,London,FRA,2025-12-19,10:45 AM,1:42 PM,2h 58m,1 stop,673.9,Economy,44,Winter,Friday,Boeing 787 Dreamliner,Mobile App,1,15000
FL117661,Singapore Airlines,Frankfurt,Bangalore,2025-09-09,13:30,23:58,10.48,non-stop,7786.8,Economy,,Monsoon,Tuesday,Airbus A380,,1,66332.09
FL174483,SpiceJet,PNQ,CCU,2025-10-25,20:10,12:05 AM,3h 55m,1 stop,1680.9,Economy,,Autumn,,ATR 72,Airport Counter,2,5507.09
FL192066,Qatar Airways,Doha,Dubai Airport,2026-03-02,11:20,12:19,0h 59m,non-stop,378.0,Premium Economy,12,Summer,Monday,Airbus A380,Website,1,15000
FL197701,Qatar Airways,New York,Bangalore,2026-04-17,11:30 PM,19:33,,1,14278.7,Economy,6,Summer,Friday,Airbus A380,Third-Party,2,200000
FL108055,Indigo,Kolkata,Delhi,2025-12-24,6:20 PM,20:30,2.18,non-stop,1308.9,Economy,82,Winter,Wednesday,ATR 72,Travel Agent,1,6406.65
FL151130,Etihad Airways,DXB,JAI,2026-10-10,06:45,11:29,284 min,1,2161.0,Economy,34,Autumn,Saturday,Boeing 787 Dreamliner,Website,1,18722.43
FL165232,Emirates,Jaipur,New York,2026-12-02,1:25 PM,7:40 AM,18h 15m,1 stop,12474.8,Economy,50,Winter,Wednesday,Boeing 787 Dreamliner,Travel Agent,2,102993.04
FL187611,GoFirst,Chennai Airport,DEL,2025-04-05,09:50,2:09 PM,4h 20m,1,1790.6,Economy,165,Summer,Saturday,ATR 72,Travel Agent,,6023.8
FL181391,Lufthansa,New York Airport,Singapore,2025-08-06,17:45,17:44,1439 min,2,15628.9,Economy,19,Monsoon,Wednesday,,Website,1,153574.66
FL106993,SpiceJet,Bangalore Airport,Mumbai,2025-05-15,12:45 AM,03:47,182 min,1 stop,892.1,Economy,74,Summer,Thursday,Airbus A321,Website,4,3002.18
FL181541,British Airways,Goa Airport,London,2026-10-09,1:25 PM,00:19,10h 54m,0,8118.3,Economy,96,Autumn,Friday,,,1,66514.91
FL185651,,Bangalore,New York,2025-05-02,,19:16,1186 min,1 stop,13857.0,Premium Economy,2,Summer,Friday,Boeing 777,Travel Agent,4,200000
FL101825,Lufthansa,Chennai,Doha,2025-09-21,6:40 AM,1:10 PM,6h 31m,1,3398.2 km,Business,42,Monsoon,Sunday,Airbus A350,Website,4,81292.72
FL120149,Lufthansa,Bangalore,DOH,2026-12-17,07:00,11:38 AM,4h 38m,0,3225.2,Economy,30,Winter,Thursday,Airbus A350,Third-Party,5,"Rs. 48,129.72"
FL107445,British Airways,Sydney,Jaipur,2026-12-01,3:40 PM,06:49,15h 10m,1 stop,10548.2,Economy,29,Winter,Tuesday,Boeing 777,Travel Agent,3,
FL179145,,Frankfurt,Singapore,2025-01-26,00:05,14:30,14h 25m,non-stop,10860.8,Economy,9,Winter,Sunday,Boeing 777,Mobile App,2,200000
FL153177,GoFirst,Delhi Airport,Hyderabad,2025-03-05,20:30,,3h 43m,1 stop,1297.5,Economy,1,Summer,Wednesday,Airbus A320,Website,1,
FL126344,INDIGO,Jaipur Airport,Goa Airport,2026-11-28,12:10,14:25,,0,1369.6,Economy,27,Autumn,Saturday,ATR 72,Mobile App,1,9161.58
FL135617,Singapore Airlines,BLR,Dubai,2025-09-19,,4:08 AM,5h 03m,1,2739.2,Economy,168,Monsoon,Friday,Boeing 787 Dreamliner,Website,3,23370.09
FL135004,British Airways,Mumbai,Frankfurt,2025-02-13,9:05 AM,6:13 PM,548 min,0,6736.3,Economy,9,,Thursday,Airbus A350,Mobile App,2,71622.86
FL123761,SpiceJet,Chennai,Goa,2025-06-07,3:20 AM,04:48,1h 28m,0,755.4,Premium Economy,81,,Saturday,Boeing 737,Airport Counter,2,3512.46
FL150723,GoFirst,Hyderabad,Delhi,2026-06-18,3:15 AM,05:23,2h 08m,,1280.0,Economy,8,,Thursday,Airbus A320,Website,1,8122.03
FL128132,SpiceJet,Chennai,Jaipur,2026-01-28,9:40 PM,03:01,5h 22m,2 stops,1657.0,Economy,7,Winter,Wednesday,Airbus A320,Mobile App,2,10287.6
FL115191,Vistara,DOH,Dubai,2025-12-10,05:45,8:14 AM,2.50,1,383.4,Business,174,Winter,Wednesday,Boeing 787 Dreamliner,Mobile App,2,"Rs. 15,000.00"
FL156363,SpiceJet,Jaipur,Bangalore,2026-09-06,2:35 PM,18:54,4.32,1 stop,1664.1,Economy,,Monsoon,Sunday,Airbus A320,Mobile App,3,
FL167852,Singapore Airlines,New York,Kolkata,2025-08-12,09:40,4:37 AM,,1,,Economy,6,Monsoon,Tuesday,Boeing 787 Dreamliner,Website,1,157222.93
FL168700,Lufthansa,Pune,Bangkok,2026-01-28,04:25,8:49 AM,4h 24m,non-stop,3042.2,Premium Economy,21,Winter,Wednesday,,Mobile App,,76607.48
FL129864,GoFirst,Jaipur Airport,Kolkata,2026-05-29,10:25 AM,14:23,,1 stop,1371.4,First,2,Summer,Friday,Airbus A321,Travel Agent,1,25000
FL136969,Lufthansa,Bangalore Airport,Bangkok,2025-07-24,,18:04,3h 55m,non-stop,2661.1,Economy,,Monsoon,Thursday,Airbus A380,Mobile App,2,31523.98
FL173892,Qatar Airways,Bangalore,Sydney,2026-11-10,11:30 PM,12:46,13h 16m,non-stop,9962.8,Business,10,Autumn,Tuesday,,Third-Party,2,200000
FL189001,British Airways,Singapore,BLR,2025-08-15,05:50,12:53 PM,7h 04m,2,3377.3,Premium Economy,92,Monsoon,Friday,Airbus A380,Website,2,
FL155088,singapore airlines,Frankfurt Airport,Bangkok,2025-04-24,13:30,02:04,12.58,non-stop,9421.1,Economy,,Summer,Thursday,Boeing 787 Dreamliner,Mobile App,2,200000
FL108096,Qatar Airways,Singapore Airport,,2025-01-20,3:55 PM,,,1,3098.9,Economy,17,,Monday,Airbus A350,Travel Agent,6,23961.3
FL164659,Lufthansa,Hyderabad,London,2025-06-06,,,10.69,0,7944.5,Economy,0,Monsoon,Friday,Boeing 777,Website,,115841.18
FL101585,Lufthansa,Frankfurt Airport,Bangalore,2026-11-23,16:45,03:22,10h 37m,non-stop,7896.6,Economy,165,Autumn,Monday,Boeing 787 Dreamliner,Website,3,51434.64
FL168788,AIR INDIA,Sydney,Mumbai Airport,2026-08-05,2:35 PM,06:18,15h 43m,2,10299.9,Economy,158,Monsoon,Wednesday,Boeing 777,Mobile App,3,66835.71
FL195407,Air India,HYD,Kolkata,2025-08-02,22:55,02:41,3h 46m,1,1191.0,Economy,14,Monsoon,Saturday,ATR 72,Travel Agent,3,8312.21
FL108074,ETIHAD AIRWAYS,,Ahmedabad,2026-07-10,22:40,01:58,198 min,0,2186.0,Economy,31,Monsoon,Friday,Airbus A350,Website,2,23362.35
FL174824,SpiceJet,Ahmedabad,BLR,2026-11-07,20:10,22:20,2.18,non-stop,1309.7,Economy,,Autumn,Saturday,Airbus A320,Mobile App,6,12964.4
FL195814,Thai Airways,Singapore,Bangkok,2025-12-22,7:05 PM,10:37 PM,3h 32m,1,1492.3,Economy,10,Winter,Monday,Boeing 777,Travel Agent,5,15000
FL105558,Indigo,Jaipur Airport,,,3:30 PM,19:02,212 min,1 stop,,Economy,112,Summer,Wednesday,,Mobile App,2,4491.33
FL177725,SpiceJet,Jaipur Airport,,2025-09-30,06:55,9:31 AM,2h 36m,non-stop,1640.7,Business,,Monsoon,Tuesday,ATR 72,Mobile App,3,25000
FL107173,Qatar Airways,Kolkata,SIN,2026-07-20,12:45,19:02,6h 18m,1,3120.1,Economy,15,Monsoon,Monday,Airbus A380,Mobile App,2,20938.94
FL194283,British Airways,Chennai,Bangkok,2026-11-05,01:10,6:02 AM,4.87,1,2316.4,Economy,4,Autumn,Thursday,Boeing 777,Website,1,25064.81
FL186175,Etihad Airways,,New York Airport,2026-10-05,9:30 PM,06:20,8h 51m,non-stop,6506.8,Business,44,,,Airbus A320,Website,1,197278.15
FL165064,British Airways,Dubai Airport,Pune,2026-02-13,3:10 PM,19:43,4h 33m,1 stop,2084.1,Economy,169,Winter,Friday,,Travel Agent,3,16177.46
FL114742,British Airways,Dubai,Ahmedabad,2026-06-26,11:25 PM,02:18,2.89,0,1868.0,Economy,66,Monsoon,Friday,Airbus A320,Third-Party,1,
FL144335,Singapore Airlines,Kolkata,Dubai,2025-03-04,9:05 PM,1:55 AM,4h 51m,0,3388.4,First,146,Summer,Tuesday,Airbus A380,Travel Agent,2,200000
FL146235,Qatar Airways,BLR,Singapore,2026-04-29,17:50,23:32,5h 42m,1,3245.6,Economy,1,Summer,Wednesday,Airbus A380,Mobile App,1,50359.11
FL156468,Vistara,Kolkata,Hyderabad,2025-05-21,5:20 PM,20:43,203 min,1,1257.4,Economy,8,Summer,Wednesday,Boeing 737,Mobile App,2,9417.84
FL162812,Singapore Airlines,Hyderabad,Singapore,2026-04-26,10:25,3:27 PM,5h 02m,non-stop,3537.3,Economy,32,Summer,Sunday,Airbus A350,Mobile App,2,47251.18
FL188152,,Dubai Airport,Hyderabad,2026-12-19,19:40,02:29,409 min,2,2724.9,Economy,5,Winter,Saturday,Airbus A320,Website,1,20507.91
FL135023,Etihad Airways,Jaipur Airport,London,2025-01-11,23:30,08:51,9.37,0,6915.2,First,20,Winter,,Airbus A350,Website,2,200000
FL160479,gofirst,,Jaipur,2025-02-12,22:45,02:37,3h 52m,1 stop,1697.7,,23,Winter,Wednesday,Airbus A321,Travel Agent,4,7328.96
FL159755,Thai Airways,Chennai,London Airport,2026-10-15,13:10,01:58,769 min,1,8613.7,Premium Economy,26,Autumn,Thursday,Boeing 777,Website,2,
FL190801,Vistara,BOM,Goa,2026-07-31,6:35 PM,7:38 PM,1.06,non-stop,438.6,Economy,135,Monsoon,Friday,ATR 72,Travel Agent,2,2347.14
FL152324,Thai Airways,Ahmedabad,Singapore Airport,2026-06-22,10:15 PM,4:06 AM,5h 52m,0,,Economy,0,Monsoon,Monday,Boeing 777,Travel Agent,6,64712.68
FL145426,Singapore Airlines,Bangkok,Hyderabad,2026-03-11,19:00,22:36,3.61,,2425.8,,26,Summer,Wednesday,Airbus A380,Website,1,31737.42
FL110721,Emirates,Doha,Kolkata,2025-12-19,3:50 AM,09:18,5.48,0,3882.7,Premium Economy,34,Winter,Friday,Boeing 787 Dreamliner,Mobile App,4,59097.56
FL188650,ETIHAD AIRWAYS,Pune,Doha,2026-03-21,19:15,23:01,3h 46m,0,2552.8 km,Economy,45,Summer,Saturday,Airbus A320,Mobile App,1,35490.29
FL138151,,Mumbai,Kolkata Airport,2026-02-28,10:40 AM,14:50,251 min,1,1669.8,Economy,8,Winter,Saturday,Boeing 737,Travel Agent,1,13741.54
FL180237,,Goa,Ahmedabad,2026-07-24,20:30,,1h 39m,non-stop,891.2,Economy,149,Monsoon,,Airbus A320,Third-Party,3,3424.7
FL143057,British Airways,Dubai,Singapore Airport,2025-09-03,3:50 AM,13:27,9h 37m,1,6216.2,,161,Monsoon,Wednesday,Airbus A320,Website,2,52341.34
FL185221,Air India,Bangalore,Mumbai,2026-12-30,20:45,12:53 AM,4h 09m,2 stops,,Economy,113,Winter,Wednesday,Airbus A320,,1,"Rs. 4,654.77"
FL128924,British Airways,Kolkata,New York,2026-03-28,,16:06,1111 min,1 stop,13195.2,Economy,44,Summer,,Airbus A350,Travel Agent,1,132614.14
FL187664,EMIRATES,Frankfurt,Kolkata Airport,2025-11-10,19:00,6:32 AM,11h 33m,1,7438.5,Premium Economy,,Autumn,Monday,Airbus A380,Third-Party,2,138462.06
FL180666,Lufthansa,LHR,Doha,2026-01-26,10:15,19:26,9h 12m,1,5588.9,Premium Economy,9,Winter,Monday,Airbus A320,Third-Party,1,106909.94
FL115362,SINGAPORE AIRLINES,Bangkok,Sydney,2026-08-16,09:50,20:31,10h 42m,non-stop,7952.3,Economy,3,Monsoon,Sunday,Airbus A320,Mobile App,2,174259.79
FL126372,Emirates,Hyderabad Airport,,2025-12-01,4:40 PM,8:58 PM,4h 18m,non-stop,2964.5,Economy,24,Winter,Monday,Airbus A350,Travel Agent,1,35060.83
FL102406,Etihad Airways,Singapore,DOH,2025-09-04,9:20 AM,,10h 40m,1 stop,6646.6,Economy,1,Monsoon,Thursday,Airbus A350,Third-Party,1,99977.5
FL124666,Air India,New York,Delhi,2025-09-23,10:00 AM,03:44,17h 44m,,12139.7,First,28,Monsoon,Tuesday,Boeing 787 Dreamliner,Website,1,200000
FL189787,QATAR AIRWAYS,BKK,Delhi,2026-09-13,2:20 AM,,7.19,2 stops,2995.9,Economy,31,Monsoon,Sunday,Airbus A320,Mobile App,1,22276.23
FL178245,Emirates,Dubai,London,,10:35,18:18,7h 44m,non-stop,5635.9,Economy,8,Winter,Thursday,Boeing 777,Mobile App,2,83669.57
FL107223,Indigo,PNQ,Bangalore Airport,2025-08-31,18:55,20:22,1h 28m,non-stop,,Economy,50,Monsoon,Sunday,Airbus A321,Travel Agent,2,2331.92
FL167926,Etihad Airways,London,Hyderabad Airport,2026-11-30,07:05,19:48,12h 43m,1,8225.2,Economy,26,Autumn,Monday,Airbus A350,Third-Party,1,93860.99
FL138106,Etihad Airways,Sydney,Goa,2025-08-04,8:05 PM,11:15,15h 11m,1,,Economy,10,Monsoon,Monday,Airbus A320,Mobile App,3,81277.38
FL102190,Emirates,Chennai,Frankfurt,2026-07-19,2:05 AM,12:43,10.64,non-stop,7906.5,,,Monsoon,Sunday,Airbus A320,Website,3,97983.36
FL101995,,FRA,Bangalore,2025-07-19,10:25 PM,9:09 AM,10.74,0,7987.1,Economy,10,Monsoon,Saturday,Airbus A320,Third-Party,1,133499.83
FL197835,Emirates,Singapore,JAI,2026-10-16,21:25,5:14 AM,7.83,1 stop,4423.5,Economy,8,Autumn,Friday,Boeing 787 Dreamliner,Travel Agent,2,43329.05
FL185716,Qatar Airways,Sydney,Chennai,2025-02-09,9:40 PM,12:08 PM,869 min,1,9513.9,Economy,43,Winter,Sunday,Airbus A380,Mobile App,2,69762.93
FL135882,Singapore Airlines,Bangkok,DOH,2026-07-18,16:30,00:00,7h 31m,non-stop,5469.2,Economy,7,,Saturday,Boeing 787 Dreamliner,Mobile App,2,70957.59
FL175042,British Airways,Delhi Airport,Dubai,2025-12-18,4:00 PM,9:15 PM,5h 15m,1 stop,2344.0,Economy,1,Winter,Thursday,Boeing 787 Dreamliner,Website,,41101.89
FL162157,Qatar Airways,DXB,Doha,2025-01-19,20:00,10:36 PM,2h 36m,1 stop,387.0,Economy,13 days,Winter,Sunday,Boeing 777,Travel Agent,1,15000
FL152730,British Airways,Sydney,Goa,2025-11-03,10:35 AM,1:28 AM,894 min,1,10147.4,Economy,13,Autumn,Monday,,Website,1,127475.58
FL186584,Emirates,FRA,Bangkok Airport,2026-04-11,00:40,2:35 PM,13.93,1 stop,9498.3,Premium Economy,5,Summer,Saturday,Airbus A380,Travel Agent,1,200000
FL100388,Vistara,,Delhi,2025-06-15,11:40 PM,1:50 AM,2h 11m,non-stop,1310.1,Economy,14,Monsoon,Sunday,Airbus A320,Website,1,
FL106703,Vistara,Mumbai,Singapore,2026-01-27,09:50,3:32 PM,343 min,0,4063.3,Premium Economy,12,Winter,Tuesday,Boeing 787 Dreamliner,Website,1,52833.42
FL155560,Indigo,BOM,Chennai Airport,2026-04-08,07:40,9:35 AM,1.92,non-stop,1110.6,Economy,37,Summer,Wednesday,Airbus A321,Website,1,4653.56
FL169772,Vistara,Pune,Mumbai Airport,2026-09-11,,09:58,1h 58m,,150,Economy,2,Monsoon,Friday,Boeing 737,Airport Counter,2,2000
FL197616,Emirates,Sydney,Singapore Airport,2026-12-07,12:40 PM,10:32 PM,9h 53m,1,6514.7,Economy,11,Winter,Monday,Boeing 777,Website,1,74480.04
FL184527,Vistara,Sydney,Chennai,2025-07-07,12:55 AM,3:35 PM,14h 41m,2,9419.6,Economy,25,Monsoon,Monday,Airbus A380,Travel Agent,3,67313.04
FL193069,Singapore Airlines,Sydney,Kolkata,,10:05 PM,13:05,15h 01m,2 stops,9705.0,Economy,57,Summer,Friday,Boeing 787 Dreamliner,Mobile App,4,86161.33
FL149086,Emirates,Frankfurt,Jaipur,2026-08-15,7:30 PM,4:07 AM,8.62,0,6332.9,Business,,Monsoon,Saturday,Airbus A350,Website,1,200000
FL196725,Emirates,,Sydney,2025-09-13,3:00 AM,17:44,885 min,non-stop,11114.6,Economy,1,Monsoon,Saturday,Boeing 777,Mobile App,1,189400.04
FL195658,Air India,Sydney,,2025-11-05,03:30,22:06,18h 36m,1 stop,12771.9,First,14,Autumn,Wednesday,Boeing 777,Travel Agent,1,200000
FL147624,Qatar Airways,Singapore,Dubai,2026-01-13,6:55 PM,4:18 AM,,1,6026.7,Premium Economy,0,Winter,Tuesday,Airbus A320,Travel Agent,2,148120.36
FL130704,Indigo,Kolkata,Jaipur,2025-08-17,17:55,9:40 PM,3h 45m,1,1453.3,Economy,13,Monsoon,Sunday,Boeing 737,Website,1,6744.72
FL122770,Singapore Airlines,Mumbai,,2025-09-28,21:40,3:04 AM,5h 24m,1 stop,3020.8,Business,,Monsoon,Sunday,Airbus A380,Airport Counter,1,73627.41
FL112625,Singapore Airlines,Ahmedabad,BKK,2026-04-20,4:55 AM,11:40,6h 45m,2,3174.2,Economy,2,Summer,Monday,Airbus A350,Mobile App,3,43983.0
FL156827,British Airways,Sydney,Hyderabad,2025-07-26,,5:28 AM,14h 08m,1,9734.8,Business,35,Monsoon,Saturday,Airbus A320,Mobile App,1,200000
FL128871,Air India,Doha,Chennai,2025-09-16,,4:06 PM,8h 36m,2 stops,3529.4,Business,0,Monsoon,Tuesday,Airbus A320,Mobile App,2,102778.8
FL102169,SpiceJet,Mumbai Airport,Jaipur Airport,2025-06-09,15:40,17:23,1.72,non-stop,952.6,Economy,18,Monsoon,Monday,Airbus A320,Third-Party,2,"Rs. 5,736.34"
FL126651,VISTARA,New York,Jaipur,2025-05-03,21:10,2:48 PM,17.64,1 stop,12454.4,Economy,0,Summer,Saturday,Airbus A320,Third-Party,3,200000
FL111489,SpiceJet,Chennai Airport,CCU,2026-12-09,12:45 PM,3:06 PM,2h 21m,0,1449.4,Economy,11,Winter,Wednesday,Airbus A320,Website,1,11032.97
FL188837,thai airways,Goa,New York,2026-06-18,4:35 AM,01:55,21h 21m,2,13831.1,Economy,0,Monsoon,Thursday,Boeing 787 Dreamliner,Airport Counter,3,200000
FL193460,SpiceJet,Pune,Mumbai,2026-11-21,18:50,20:33,1h 43m,1 stop,150,Business,55,Autumn,Saturday,Airbus A320,Mobile App,1,2099.78
FL136363,Etihad Airways,,Dubai,2026-08-29,10:10 PM,06:38,8h 28m,1 stop,5268.3,Economy,8,Monsoon,Saturday,Airbus A350,Third-Party,1,68770.81
FL103672,Emirates,Kolkata,Sydney,2025-07-25,,12:31,14.69,1,9770.9,Business,16,Monsoon,Friday,Boeing 787 Dreamliner,Travel Agent,1,200000
FL188767,Emirates,Singapore,Chennai Airport,2026-04-09,20:20,2:21 AM,6h 02m,1,2932.6,Economy,60,Summer,Thursday,Boeing 777,Mobile App,2,26542.9
FL145367,Qatar Airways,SIN,Mumbai Airport,2026-07-03,11:25 PM,06:45,7h 21m,1,4083.6,Economy,40,Monsoon,Friday,Boeing 787 Dreamliner,Mobile App,3,32363.95
FL110176,,Jaipur,,2026-02-11,14:05,18:40,4h 35m,0,3188.4,Economy,8,Winter,Wednesday,Airbus A380,Third-Party,1,53976.46
FL111328,singapore airlines,New York,Mumbai Airport,2025-09-26,08:30,01:53,17h 24m,,13181.2,Economy,7,Monsoon,Friday,Boeing 787 Dreamliner,Mobile App,1,200000
FL126713,Vistara,Delhi,Kolkata,2026-03-10,09:05,11:16 AM,132 min,0,1320.3,Economy,21,Summer,Tuesday,Boeing 737,Airport Counter,1,8551.75
FL178982,Singapore Airlines,Sydney,Doha,2026-06-12,23:55,6:38 PM,18h 44m,1 stop,13130.8,Premium Economy,8,Monsoon,Friday,Airbus A380,Website,3,168358.06
FL122791,British Airways,Sydney,London Airport,2026-11-17,06:45,05:04,22h 19m,non-stop,17021.9,Economy,39,,Tuesday,Boeing 787 Dreamliner,Mobile App,1,117231.77
FL122936,SpiceJet,,Ahmedabad,2025-04-13,23:20,1:35 AM,2h 16m,0,1376.6,Economy,3,Summer,Sunday,Airbus A321,Third-Party,4,9080.41
FL164068,Qatar Airways,Bangkok,Hyderabad,2026-08-11,7:10 PM,10:46 PM,3h 36m,non-stop,2419.7,First,10,Monsoon,Tuesday,Airbus A320,Website,1,137813.78
FL188063,SpiceJet,DEL,Chennai Airport,2026-08-04,22:55,01:43,2h 49m,0,1805.6,Economy,,Monsoon,Tuesday,ATR 72,Website,5,"Rs. 8,290.48"
FL183249,Vistara,Singapore,Mumbai Airport,2026-08-01,5:15 PM,00:05,6h 51m,,4036.9,Economy,19,Monsoon,Saturday,Boeing 777,Website,1,25888.61
FL151423,Etihad Airways,Mumbai Airport,Doha,2026-08-24,11:20,2:48 PM,3h 28m,0,2317.6,Premium Economy,2,Monsoon,Monday,Boeing 787 Dreamliner,Website,4,52586.73
FL111257,Lufthansa,FRA,Chennai,2026-07-01,23:45,10:19 AM,10h 35m,0,7858.9,Economy,1 days,Monsoon,Wednesday,Boeing 787 Dreamliner,Website,2,132244.26
FL146125,Qatar Airways,Doha,Mumbai,2025-01-07,10:35 PM,03:55,5.34,1,2457.8,Economy,31,Winter,Tuesday,,,3,23887.21
FL119242,GoFirst,Bangalore,Pune,2025-06-05,05:25,06:55,1h 30m,non-stop,785.4,Economy,,Monsoon,Thursday,Airbus A320,Travel Agent,2,4329.83
FL151486,gofirst,Jaipur Airport,Goa,2026-02-25,3:05 PM,17:18,2h 14m,non-stop,1346.5,Economy,1,Winter,Wednesday,Airbus A321,Travel Agent,1,11707.0
FL150319,BRITISH AIRWAYS,Bangkok,PNQ,,9:20 AM,14:35,5.27,1 stop,2894.4,Premium Economy,169,Autumn,,Airbus A380,Third-Party,1,33474.45
FL143883,Emirates,Sydney,Jaipur,2026-07-11,20:55,12:24,,1,10842.8,Economy,99,Monsoon,Saturday,Boeing 787 Dreamliner,Website,2,73601.17
FL109898,Singapore Airlines,Hyderabad,New York,2026-01-09,04:35,11:59 PM,19h 25m,1 stop,13419.0,Economy,43,,Friday,Boeing 787 Dreamliner,Mobile App,1,121481.92
FL170690,Lufthansa,Delhi,Frankfurt,2026-07-08,6:20 AM,2:54 PM,8h 34m,non-stop,6292.3,Economy,43,Monsoon,Wednesday,Airbus A350,Third-Party,1,62787.0
FL197074,Emirates,BLR,Sydney,2025-10-10,3:25 AM,,15h 05m,2,9759.6,Economy,33,Autumn,Friday,Airbus A350,Travel Agent,6,79285.15
FL165712,Indigo,HYD,Ahmedabad,2026-10-22,,17:40,1h 40m,0,916.3,,1,Autumn,Thursday,Airbus A320,Website,3,443.98
FL180835,Qatar Airways,Dubai,HYD,2026-03-22,2:50 PM,18:43,3h 54m,non-stop,2645.7 km,Economy,30,Summer,Sunday,Airbus A320,Travel Agent,1,
FL169873,Etihad Airways,,,2026-04-02,22:25,6:29 AM,8h 05m,2,3167.9,First,0,Summer,Thursday,Boeing 777,Mobile App,1,140646.3
FL123524,Emirates,,London,2025-05-09,00:55,02:17,82 min,0,679.2,Economy,1,Summer,Friday,Airbus A380,Travel Agent,1,
FL186962,Singapore Airlines,Bangkok,Mumbai,2026-08-23,11:40 PM,5:14 AM,5h 34m,,3132.7,Economy,165,Monsoon,Sunday,Boeing 787 Dreamliner,Mobile App,2,
FL122901,Air India,AMD,BOM,,12:15 AM,01:20,1h 05m,0,460.6,Economy,13,Summer,Sunday,Boeing 737,Travel Agent,1,3193.46
FL133964,qatar airways,Goa Airport,SYD,2026-10-15,06:35,20:13,13h 38m,,10247.2,Economy,165,Autumn,Thursday,Airbus A320,,1,99384.43
FL114083,British Airways,SIN,Bangalore,2025-09-14,03:25,9:28 AM,6h 04m,1 stop,3282.9,Economy,,Monsoon,Sunday,Airbus A320,Website,1,28251.84
FL163533,Singapore Airlines,Doha,Pune,2026-05-04,3:40 PM,7:20 PM,3h 40m,0,2470.6,Economy,158,Summer,,Boeing 777,Mobile App,1,29460.42
FL195924,Thai Airways,LHR,Dubai,2026-11-16,4:35 PM,1:42 AM,9.12,1 stop,,Premium Economy,,Autumn,Monday,Boeing 787 Dreamliner,Third-Party,one,105189.84
FL134877,Qatar Airways,Doha,Singapore,2025-02-26,3:00 AM,,11h 35m,2 stops,6212.6,Business,4,Winter,Wednesday,Airbus A350,Mobile App,2,200000
FL140701,Qatar Airways,Pune,Sydney,2026-12-13,10:55,12:26 AM,13h 32m,0,10160.2,Economy,158,Winter,Sunday,Airbus A380,Mobile App,1,128396.08
FL102529,Vistara,Goa,BOM,2026-05-03,22:15,11:19 PM,1h 05m,0,448.6,Economy,33,Summer,Sunday,ATR 72,Website,2,3881.06
FL149270,GoFirst,Jaipur,Pune,2025-12-21,12:05,1:52 PM,1h 48m,0,1013.9 km,Economy,67,Winter,Sunday,ATR 72,Mobile App,2,5636.07
FL100371,Etihad Airways,Bangalore Airport,SYD,,11:10 AM,3:43 AM,16h 33m,2,9933.8,Premium Economy,18,Monsoon,Wednesday,Boeing 787 Dreamliner,Travel Agent,3,131620.37
FL151998,Air India,BLR,New York Airport,2025-08-02,12:05 PM,07:42,19h 38m,1,13846.8,,8,Monsoon,Saturday,Airbus A380,Mobile App,5,112122.28
FL156970,GoFirst,Goa,Pune,2026-09-10,15:15,16:13,0h 58m,0,367.0,Economy,14,Monsoon,Thursday,Airbus A321,Website,2,2000
FL129361,Vistara,New York Airport,Dubai,2025-06-30,2:15 PM,6:26 AM,16h 11m,1 stop,11121.4,Premium Economy,1,Monsoon,Monday,Boeing 787 Dreamliner,Mobile App,4,
FL173523,Emirates,Kolkata,Frankfurt,2026-03-15,2:30 PM,02:24,11h 54m,1,7557.3,Economy,15,Summer,Sunday,Boeing 787 Dreamliner,Mobile App,4,66138.39
FL117757,Lufthansa,Doha Airport,Ahmedabad,2025-12-21,8:55 AM,12:10 PM,3h 16m,0,2156.3,Economy,11,Winter,Sunday,Airbus A350,Website,2,30086.73
FL108731,Etihad Airways,Jaipur,Bangkok,2026-08-25,03:15,08:56,5h 41m,1,3174.8,First,31,Monsoon,Tuesday,Airbus A380,Website,,109384.08
FL197630,Indigo,Chennai,DEL,2026-10-09,4:00 PM,7:55 PM,3h 55m,1,1804.8,Economy,6,Autumn,Friday,Airbus A321,Mobile App,1,8029.93
FL159051,Singapore Airlines,Doha,Bangkok Airport,2026-06-19,16:35,23:51,7.28,non-stop,5289.8,Economy,45,Monsoon,Friday,Airbus A380,Website,1,
FL153652,Thai Airways,BLR,Doha,2026-02-07,15:55,20:31,4h 37m,,,Economy,8,Winter,Saturday,Airbus A350,Mobile App,1,44078.62
FL128963,British Airways,Sydney,London,2025-04-24,3:35 AM,4:39 AM,1504 min,1,17824.9,Economy,17,Summer,Thursday,Airbus A350,Website,3,200000
FL120973,British Airways,Bangalore,,2025-01-08,21:20,,12h 06m,,7902.1,Premium Economy,123,Winter,Wednesday,Airbus A350,Website,1,78047.04
FL174092,air india,Goa,Jaipur,2025-04-10,07:10,09:22,2.21,0,1332.8,Economy,,Summer,Thursday,Airbus A321,Travel Agent,3,10462.7
FL172326,GoFirst,GOI,Delhi,2025-04-03,15:45,18:18,2h 34m,non-stop,1608.7,Premium Economy,82,Summer,Thursday,Boeing 737,Website,2,7802.46
FL195238,SpiceJet,PNQ,Kolkata,2025-12-22,09:40,13:51,251 min,1 stop,1674.1,Economy,26,Winter,Monday,Airbus A321,Website,3,8001.85
FL174911,Indigo,BOM,Goa,2026-03-24,2:20 AM,05:00,2h 40m,,445.0,Premium Economy,32,Summer,Tuesday,Airbus A321,Third-Party,1,2986.31
FL129488,Air India,Hyderabad,GOI,,07:25,8:39 AM,74 min,non-stop,578.2,Economy,13 days,Summer,Saturday,Airbus A321,Mobile App,2,3409.96
FL122079,Thai Airways,Mumbai,Doha,2025-07-19,13:40,18:32,,1 stop,2455.3,Premium Economy,4,,Saturday,Airbus A350,Website,2,36891.97
FL152423,GOFIRST,,Chennai,2025-05-26,15:15,16:58,1h 44m,,961.0,Economy,74,Summer,,Airbus A321,Travel Agent,2,4792.48
FL109035,Etihad Airways,Goa,London Airport,2025-06-01,8:15 AM,20:14,11.99,1,7857.1,,7,Monsoon,Sunday,,,4,123340.89
FL185037,Emirates,New York,Hyderabad,2025-01-13,09:20,03:39,18h 19m,1,13047.3,Business,17,Winter,Monday,Airbus A350,Website,2,200000
FL111113,Vistara,Sydney,Frankfurt,2026-06-06,06:20,06:45,1466 min,1,17707.8,Economy,14,Monsoon,Saturday,Airbus A350,Travel Agent,1,189227.32
FL135827,Qatar Airways,New York Airport,Singapore,2025-01-21,5:00 PM,13:24,20h 25m,0,15533.4,Economy,26,Winter,Tuesday,Boeing 787 Dreamliner,Website,2,130120.01
FL138734,Thai Airways,Dubai,HYD,2026-09-17,05:05,8:54 AM,3h 50m,0,2596.6,Economy,1,Monsoon,Thursday,Airbus A320,Website,2,42243.25
FL188174,,Pune,Bangalore,2025-12-05,06:15,07:44,1h 30m,0,774.8,Economy,1,Winter,Friday,,Third-Party,4,5833.96
FL109718,Lufthansa,Dubai,FRA,2026-11-10,07:15,15:09,7h 55m,1 stop,4844.7,Economy,12,,Tuesday,Airbus A320,Website,1,43068.14
FL160908,Etihad Airways,Ahmedabad,Bangkok,2026-12-08,04:45,09:19,4h 34m,non-stop,3176.7,Economy,135,Winter,Tuesday,Airbus A380,Mobile App,6,35085.65
FL153678,,Singapore,GOI,2025-04-14,21:15,03:52,6h 37m,1,3779.3,Business,23,Summer,Monday,Airbus A350,Mobile App,2,103400.38
FL152056,Lufthansa,Frankfurt,HYD,2026-12-09,1:10 PM,12:38 AM,11h 29m,1 stop,7234.2,Economy,10,Winter,Wednesday,Airbus A380,Travel Agent,2,"Rs. 75,602.39"
FL167581,Qatar Airways,Kolkata,Dubai Airport,2026-02-01,18:10,00:41,392 min,1,3533.6,Economy,37,Winter,Sunday,Airbus A380,Mobile App,1,40371.64
FL116061,SpiceJet,Jaipur Airport,Goa,2025-10-10,12:00 PM,14:13,2h 13m,0,1344.4,Premium Economy,125,Autumn,Friday,Airbus A320,Website,1,6947.38
FL138324,Air India,Doha,LHR,2025-12-10,00:50,10:18,9h 29m,2,5296.1,Economy,157,Winter,Wednesday,Airbus A380,Mobile App,1,37439.94
FL108896,Qatar Airways,Frankfurt,Goa,2025-05-25,23:00,8:56 AM,9h 56m,0,7363.2,Economy,111,,Sunday,Airbus A350,Travel Agent,5,112398.17
FL105669,Thai Airways,Delhi,Bangkok,2026-07-05,8:35 AM,13:01,4h 27m,0,3079.7,Business,8,Monsoon,Sunday,Boeing 787 Dreamliner,Website,5,
FL142477,AirAsia India,Kolkata,Mumbai Airport,2025-09-06,18:05,20:49,2h 45m,0,1753.4,Economy,162,Monsoon,Saturday,Airbus A320,Third-Party,1,8110.78
FL190007,SpiceJet,Pune Airport,Hyderabad Airport,2025-06-17,7:35 PM,22:02,2h 27m,1 stop,544.8,Premium Economy,0,Monsoon,Tuesday,Airbus A321,Website,1,6473.67
FL108451,Indigo,JAI,Goa,2026-04-02,17:20,7:34 PM,2h 14m,,1353.9,Economy,134 days,Summer,Thursday,Airbus A320,Mobile App,1,5671.08
FL138444,etihad airways,Bangkok,CCU,2025-07-06,7:45 AM,11:47,4h 02m,1,1687.9,Economy,14,Monsoon,Sunday,Airbus A320,Website,1,22379.82
FL168114,British Airways,Doha,Ahmedabad Airport,2026-09-14,03:35,08:44,5.16,1,2237.2,Economy,17,Monsoon,Monday,Airbus A320,Website,1,23945.21
FL163320,Lufthansa,Jaipur,Dubai Airport,2025-12-17,,14:02,298 min,1,2212.4,Economy,43,Winter,Wednesday,,Mobile App,3,20300.89
FL172837,British Airways,Dubai Airport,Goa,2026-02-22,17:45,00:03,6h 18m,2 stops,2347.9,Economy,19,Winter,Sunday,Airbus A350,Travel Agent,2,25688.66
FL135835,Indigo,Bangalore,Hyderabad Airport,2026-10-15,12:30,2:42 PM,2h 13m,1,505.7,Economy,1 days,,Thursday,Airbus A321,Mobile App,1,3788.44
FL176338,thai airways,Chennai,Sydney,2025-03-12,,04:14,14h 14m,1,9430.9,Economy,8,Summer,Wednesday,Boeing 777,Travel Agent,2,149959.82
FL111377,Emirates,Frankfurt,Jaipur,2025-04-07,9:35 AM,6:59 PM,9h 24m,1,6162.0,Economy,8,Summer,Monday,Airbus A320,Website,2,61139.6
FL139772,EMIRATES,JFK,Hyderabad,2025-03-27,,2:37 AM,18.70,1,13336.1,Economy,6,Summer,Thursday,Airbus A320,Mobile App,4,158499.53
FL177639,Indigo,,Ahmedabad Airport,2025-12-26,8:30 AM,10:09 AM,1h 39m,0,900.6,Premium Economy,28,Winter,Friday,ATR 72,Airport Counter,1,6465.14
FL151162,Emirates,New York,Jaipur Airport,2026-06-13,11:55,06:52,18.95,2 stops,,Economy,67,Monsoon,Saturday,Boeing 787 Dreamliner,Travel Agent,1,80899.89
FL178629,Singapore Airlines,Singapore,Frankfurt,2025-01-12,09:45,01:17,15.54,1,10758.9,Economy,22,Winter,Sunday,Boeing 777,Mobile App,1,113220.33
FL135454,SpiceJet,Ahmedabad,Bangalore,2025-02-20,03:10,06:58,3h 49m,1,1255.7,Premium Economy,1,Winter,Thursday,ATR 72,Mobile App,two,14020.96
FL149105,,Pune,Goa,2025-05-16,21:00,9:56 PM,0h 57m,non-stop,350.9,Economy,35,Summer,Friday,ATR 72,Website,1,2521.81
FL140078,Qatar Airways,Sydney,Goa,2026-04-30,04:30,,16.05,2,10561.4,Premium Economy,7,,Thursday,Boeing 787 Dreamliner,Travel Agent,3,168595.0
FL120639,Thai Airways,New York,Goa,2025-07-19,05:05,11:05 PM,18h 00m,0,13651.0,Premium Economy,9,Monsoon,Saturday,Boeing 777,Travel Agent,2,200000
FL158239,Qatar Airways,Frankfurt,DOH,2025-02-15,12:30 AM,07:01,6h 32m,0,4701.6,Premium Economy,9,Winter,Saturday,Airbus A350,Travel Agent,2,"Rs. 126,304.26"
FL157475,AirAsia India,Bangalore,Goa,2025-10-11,11:55 AM,13:03,68 min,0,494.1,Economy,12,Autumn,Saturday,Airbus A320,Website,3,3475.66
FL185900,Qatar Airways,Frankfurt,Singapore,2025-05-30,1:50 PM,03:46,836 min,0,10478.7,Economy,116,Summer,Friday,Boeing 777,Website,2,102719.69
FL120591,Emirates,Ahmedabad,Dubai Airport,2026-11-12,10:40,13:33,174 min,non-stop,1869.7,Economy,5,,Thursday,Airbus A380,Third-Party,2,22358.12
FL105093,,Goa,Hyderabad,2026-06-13,08:35,10:54,2h 19m,1,545.4,Business,10,Monsoon,Saturday,ATR 72,Travel Agent,6,7410.0
FL161860,air india,,BLR,2026-02-24,20:00,22:52,2h 52m,,500.4,Economy,101,Winter,Tuesday,Airbus A321,Mobile App,2,2000
FL105500,Qatar Airways,Goa,Doha Airport,2026-08-21,4:50 AM,10:06,5h 16m,1 stop,2641.2,Economy,12,Monsoon,Friday,Boeing 777,Travel Agent,1,29725.69
FL173093,British Airways,SYD,Bangkok Airport,2026-02-27,2:00 PM,01:34,11.58,1,7711.8,Economy,26,Winter,Friday,Airbus A350,Website,3,94777.01
FL164308,British Airways,DEL,Sydney,2026-03-12,1:30 PM,06:07,16h 38m,1,11209.6,Business,17,Summer,Thursday,Boeing 777,Travel Agent,2,200000
FL176931,Etihad Airways,London,Hyderabad,2025-06-28,04:25,16:34,729 min,1,7812.4,Economy,18,Monsoon,Saturday,Boeing 787 Dreamliner,Mobile App,2,66366.57
FL168657,,Dubai,Frankfurt,2025-01-25,7:25 PM,2:27 AM,423 min,non-stop,5104.2,Economy,44,Winter,Saturday,Boeing 777,Mobile App,,46767.24
FL169991,Etihad Airways,London,Singapore,,09:50,12:40 AM,14h 51m,non-stop,11191.7,Economy,14,Monsoon,Friday,Airbus A380,Website,1,134910.11
FL186659,INDIGO,Goa,DEL,2025-06-26,12:50 AM,05:06,256 min,1 stop,1555.9,Economy,56,Monsoon,Thursday,ATR 72,Travel Agent,1,5682.53
FL186335,Air India,New York,London,2026-06-08,10:35,18:31,7h 57m,non-stop,5810.9,Economy,3,Monsoon,Monday,Airbus A320,Mobile App,6,73762.26
FL152329,Lufthansa,Frankfurt,Bangalore,2026-10-21,11:10 AM,21:40,10h 31m,non-stop,7807.8,Economy,30,Autumn,Wednesday,Airbus A320,Mobile App,1,64444.96
FL103653,Indigo,Jaipur Airport,Delhi,2026-07-25,4:50 PM,5:38 PM,0.81,0,242.5,Economy,,Monsoon,Saturday,Boeing 737,Website,1,2000
FL134713,SpiceJet,Jaipur,Goa Airport,2026-05-14,9:35 AM,15:10,5h 36m,2 stops,1392.2,Economy,7,Summer,Thursday,Boeing 737,Website,2,8466.89
FL114762,Etihad Airways,Frankfurt,Mumbai Airport,,05:45,4:03 PM,10h 18m,1,6697.2,Economy,4,Monsoon,Tuesday,Airbus A320,Mobile App,2,79016.77
FL189972,SpiceJet,MAA,Delhi,2025-05-15,12:05 AM,03:53,3h 48m,,1770.7,Economy,3,Summer,Thursday,Boeing 737,Website,,11535.83
FL128545,Indigo,Jaipur Airport,Pune,2026-11-24,20:25,22:11,1h 46m,non-stop,989.0,Economy,5,Autumn,Tuesday,ATR 72,Travel Agent,1,8318.6
FL180887,Singapore Airlines,Sydney,Goa,2025-04-09,11:30 PM,15:41,16h 11m,2,10372.4,Economy,3,Summer,,Boeing 787 Dreamliner,Mobile App,2,123152.4
FL163432,Etihad Airways,Frankfurt,Mumbai,2026-01-05,7:05 PM,05:09,10h 05m,1 stop,6577.5,Economy,35,Winter,Monday,Airbus A320,Website,6,62985.97
FL192729,Thai Airways,Bangkok Airport,Mumbai,2026-04-22,8:15 PM,2:30 AM,6h 15m,1,3111.4,Economy,102,Summer,,Boeing 777,Airport Counter,1,36343.52
FL106746,LUFTHANSA,Goa,Doha Airport,2025-01-04,12:30,4:22 PM,3.87,non-stop,2631.1,Business,4,Winter,Saturday,Airbus A380,Third-Party,1,131242.81
FL146455,Emirates,London,Bangalore,2025-01-24,6:55 AM,7:47 PM,12h 53m,1,8614.1,Premium Economy,1,Winter,Friday,Airbus A380,,1,200000
FL155124,Qatar Airways,Goa,Singapore,2026-04-21,9:30 PM,02:50,5h 20m,0,3775.7,Economy,18,Summer,Tuesday,Boeing 787 Dreamliner,Mobile App,5,43456.23
FL132626,British Airways,Sydney,Dubai,2026-06-17,18:35,12:26,17h 52m,1,12453.1,Economy,27,Monsoon,Wednesday,Boeing 777,Mobile App,3,82003.1
FL132284,Lufthansa,Doha,Chennai Airport,2026-01-05,4:55 PM,21:43,4h 49m,0,3366.4,Economy,40,Winter,Monday,Airbus A320,Mobile App,1,38488.49
FL154875,Emirates,New York,Singapore Airport,2026-07-28,01:45,10:23 PM,1239 min,0,15713.6 km,Premium Economy,17,Monsoon,Tuesday,Airbus A350,Mobile App,1,200000
FL104151,Vistara,Ahmedabad,Pune,2026-03-08,11:00,12:10,1h 10m,0,525.3,Economy,23,Summer,Sunday,,Website,3,4129.34
FL114958,Emirates,Doha Airport,Pune,2025-08-21,03:05,6:55 AM,3h 50m,non-stop,2600.7,Economy,119,Monsoon,Thursday,Boeing 777,Third-Party,3,28290.25
FL193678,Emirates,Sydney Airport,Kolkata,2025-02-18,6:50 PM,7:38 AM,12h 49m,non-stop,9604.3,Premium Economy,6,Winter,Tuesday,Boeing 777,Third-Party,3,200000
FL184340,GoFirst,CCU,Hyderabad,2025-10-21,05:05,08:52,3h 47m,1 stop,,Business,18,Autumn,Tuesday,Airbus A321,Third-Party,2,18528.45
FL108391,GoFirst,Bangalore,Kolkata,2025-08-16,20:25,01:41,5h 17m,2 stops,1682.7,Economy,33,Monsoon,Saturday,Airbus A320,Mobile App,5,5331.58
FL145015,Indigo,,Jaipur,2025-12-14,4:50 PM,18:04,1h 14m,non-stop,577.4,Economy,8,Winter,Sunday,Boeing 737,Website,2,
FL104605,Etihad Airways,Jaipur,BKK,2025-01-15,07:20,11:42 AM,4h 23m,non-stop,3025.9,Business,8,Winter,,Airbus A380,Website,1,114659.72
FL116607,Air India,Ahmedabad,Jaipur,2025-12-11,12:00,1:12 PM,1h 13m,0,553.6,Economy,,Winter,Thursday,Airbus A320,Mobile App,2,4833.85
FL145451,vistara,Frankfurt,Sydney Airport,2026-11-19,3:30 PM,15:14,1425 min,1 stop,16899.3,,39,Autumn,Thursday,Boeing 787 Dreamliner,Website,1,162154.09
FL187236,AirAsia India,Bangalore,Kolkata Airport,2025-08-05,07:15,11:32 AM,4h 18m,1,1573.6,Economy,7,Monsoon,Tuesday,Airbus A321,Mobile App,3,6811.7
FL160770,Emirates,Mumbai,Sydney Airport,2026-01-22,11:15,00:46,13h 31m,0,10157.9,First,100,Winter,Thursday,Airbus A320,Airport Counter,1,
FL153790,SpiceJet,HYD,Chennai,2025-06-23,8:25 PM,23:00,2.59,1,552.8,Economy,1,Monsoon,Monday,ATR 72,Website,2,2917.94
FL173965,Air India,Bangalore Airport,Chennai,2025-02-25,14:05,2:58 PM,,0,305.4,Economy,44,Winter,Tuesday,Boeing 737,Website,6,2045.74
FL107700,,Bangkok Airport,,2025-01-21,14:30,8:44 PM,374 min,1,3090.3,Economy,40,Winter,Tuesday,Airbus A350,Mobile App,1,25242.5
FL130139,Singapore Airlines,Bangalore,Singapore Airport,2025-01-15,,10:06 AM,6h 26m,1,3316.2,Premium Economy,62,Winter,Wednesday,,Airport Counter,3,41467.91
FL153852,Singapore Airlines,Delhi Airport,Singapore,2025-01-07,5:40 AM,1:07 PM,7h 27m,,4461.5,Economy,37,Winter,Tuesday,Airbus A350,Mobile App,1,41396.33
FL194630,GoFirst,Pune,Hyderabad,2026-04-12,12:05 AM,02:46,,1,535.6,Economy,121,Summer,Sunday,Airbus A320,Travel Agent,2,2116.73
FL159696,Singapore Airlines,Hyderabad Airport,Frankfurt,2025-05-13,10:20 PM,09:42,11h 23m,1,7547.2,Economy,20,Summer,Tuesday,Airbus A380,Website,1,111783.08
FL157310,Air India,BKK,LHR,2026-08-30,14:05,03:06,13h 02m,non-stop,9771.3,Premium Economy,10,Monsoon,Sunday,Airbus A350,Mobile App,3,142820.63
FL186740,ETIHAD AIRWAYS,Frankfurt Airport,Dubai Airport,2025-07-02,20:45,4:55 AM,8h 10m,1,4933.2,Economy,,Monsoon,Wednesday,Boeing 787 Dreamliner,,3,
FL190845,Thai Airways,Mumbai,Sydney Airport,2026-01-04,8:40 AM,23:55,15h 15m,1 stop,10334.2,Economy,31,Winter,Sunday,Airbus A320,Third-Party,5,143811.24
FL130878,Etihad Airways,Frankfurt,Dubai,2026-04-15,4:15 PM,11:24 PM,7h 10m,non-stop,5196.6,Economy,12,Summer,Wednesday,Boeing 787 Dreamliner,Mobile App,3,61885.15
FL174197,Emirates,BOM,New York,,5:15 PM,11:59,18.74,1 stop,13207.3,Economy,38,Monsoon,Saturday,Airbus A320,Travel Agent,2,105084.7
FL158579,,Sydney,Goa Airport,2025-08-23,14:20,06:22,16h 03m,2 stops,10121.2,Economy,94,Monsoon,Saturday,Airbus A320,Airport Counter,,80251.62
FL161070,Emirates,Frankfurt,Delhi,2026-03-24,5:30 PM,05:23,11h 53m,,6535.9,Economy,131,Summer,Tuesday,Boeing 787 Dreamliner,Mobile App,1,696.23
FL117418,AirAsia India,Mumbai,DEL,,01:30,05:13,3h 43m,1 stop,1153.3,Premium Economy,40,Monsoon,Sunday,ATR 72,Travel Agent,1,6339.99
FL100880,Etihad Airways,Pune,DXB,2026-06-03,12:45 PM,18:53,,2 stops,2156.7,Economy,13,Monsoon,Wednesday,Boeing 787 Dreamliner,Travel Agent,4,20777.6
FL125168,GoFirst,Mumbai,Hyderabad,2026-04-19,11:55 AM,14:20,2h 26m,1,645.2,Economy,128,Summer,Sunday,Airbus A321,Mobile App,1,2211.31
FL113712,Lufthansa,Jaipur,BKK,2026-06-29,9:00 AM,14:55,,1,3159.9,Economy,21,Monsoon,Monday,Boeing 777,Mobile App,2,
FL100295,singapore airlines,Ahmedabad,Sydney,2026-03-18,06:45,23:47,1023 min,2 stops,10585.9,Economy,1,Summer,Wednesday,Airbus A380,Third-Party,2,120691.45
FL132677,singapore airlines,Frankfurt,Pune,2025-05-09,16:20,03:00,10h 41m,1,7046.6,Economy,21,Summer,Friday,Airbus A350,Website,3,"Rs. 75,251.79"
FL161532,,Doha,DXB,2026-12-01,06:25,8:59 AM,2h 35m,1 stop,386.8,Economy,8,Winter,Tuesday,Boeing 787 Dreamliner,Travel Agent,2,15000
FL140181,Emirates,Ahmedabad Airport,,2026-09-07,8:40 PM,1:26 AM,4h 47m,1,2241.3,Economy,,Monsoon,Monday,Airbus A320,Third-Party,3,20804.38
FL148610,Emirates,Dubai,Mumbai,2025-05-11,5:50 PM,22:29,4.65,1 stop,1992.3,Economy,12,Summer,Sunday,Boeing 777,Third-Party,4,31124.71
FL121977,Singapore Airlines,Jaipur,Singapore Airport,2025-04-04,2:10 AM,07:58,5h 48m,non-stop,4135.6,Economy,37,Summer,Friday,Airbus A380,Travel Agent,,37434.82
FL155276,Singapore Airlines,,LHR,,19:45,05:06,9h 22m,,5536.4,Economy,7,Monsoon,Saturday,Boeing 777,Mobile App,3,67766.9
FL179923,Qatar Airways,Delhi,Bangkok,2026-07-08,14:30,8:14 PM,5h 44m,1,3148.9,Economy,6,Monsoon,Wednesday,Airbus A320,Mobile App,3,25741.26
FL102537,EMIRATES,Bangkok Airport,New York,2026-09-22,01:00,21:08,20h 08m,1,14433.1,Economy,173,Monsoon,Tuesday,Boeing 787 Dreamliner,Mobile App,1,135691.55
FL165787,,Hyderabad,DOH,2026-03-20,19:05,00:55,5h 50m,1,3061.0,Premium Economy,109,Summer,Friday,Airbus A380,Airport Counter,1,49798.85
FL115780,Emirates,London Airport,Chennai,2026-02-16,6:55 PM,07:54,13h 00m,1,8718.0 km,Economy,7,Winter,Monday,Airbus A350,Airport Counter,5,"Rs. 138,914.90"
FL166215,Singapore Airlines,Frankfurt,Dubai,2026-09-01,17:45,01:45,8.00,1,4901.8 km,Economy,7,Monsoon,,Boeing 787 Dreamliner,Website,1,86354.68
FL133566,Singapore Airlines,Jaipur,DXB,2025-12-03,01:25,4:33 AM,3.15,non-stop,2065.6,Economy,39,Winter,Wednesday,,Website,1,19074.45
FL176415,AIRASIA INDIA,Mumbai,Hyderabad,2025-12-17,16:25,6:50 PM,146 min,1,648.2,Economy,13,Winter,Wednesday,Airbus A321,Travel Agent,2,2327.54
FL166898,Emirates,Doha Airport,AMD,2026-01-19,01:50,06:38,4h 49m,,2229.2,,7,Winter,Monday,Boeing 777,Mobile App,3,23495.76
FL193039,lufthansa,Sydney,New York Airport,2025-07-11,1:00 PM,12:55,23h 56m,1,16945.1,Premium Economy,3,Monsoon,Friday,Boeing 787 Dreamliner,Mobile App,5,200000
FL107817,AirAsia India,Delhi,Goa,2025-06-02,11:20,13:52,2h 32m,non-stop,1587.9,Economy,133,Monsoon,Monday,Airbus A320,,3,7046.11
FL171328,Thai Airways,Singapore,London,2026-01-26,23:50,4:38 PM,16h 48m,2,10959.9,Business,0,Winter,Monday,Boeing 777,Website,1,200000
FL134054,Thai Airways,BKK,Delhi,2025-07-26,5:45 AM,11:31 AM,5h 47m,1 stop,3022.1,Economy,2,Monsoon,Saturday,Airbus A350,Website,1,58644.94
FL191034,Etihad Airways,Singapore,Doha,2026-01-03,07:25,5:24 PM,10h 00m,,6454.4,Economy,27,,Saturday,Airbus A350,,2,82411.69
FL117490,Emirates,JFK,BOM,2025-07-07,6:15 AM,12:20 AM,,1,12775.5,Economy,86 days,Monsoon,Monday,Airbus A380,Website,3,124421.86
FL181428,Vistara,Kolkata,HYD,2026-12-07,8:05 PM,10:10 PM,2h 06m,0,1246.9,Economy,25,Winter,Monday,Airbus A320,Third-Party,1,7431.07
FL123818,qatar airways,Sydney Airport,Singapore Airport,2026-07-20,10:45,20:36,9h 51m,1,6429.3,Premium Economy,157,Monsoon,,Airbus A380,Mobile App,1,
FL143508,Singapore Airlines,Sydney,Jaipur,2025-03-18,5:25 AM,19:18,13h 54m,0,10446.9,Economy,4,Summer,Tuesday,Airbus A380,Third-Party,1,"Rs. 200,000.00"
FL102087,Qatar Airways,JFK,,2026-09-20,3:05 AM,20:54,17h 50m,0,13518.5,Economy,136,Monsoon,Sunday,Boeing 777,Mobile App,1,134806.12
FL120263,SpiceJet,Bangalore,Delhi,2025-12-03,8:35 PM,2:43 AM,6h 08m,2,1761.5,Economy,7,,Wednesday,Airbus A320,Website,1,9261.04
FL132208,VISTARA,Jaipur,Ahmedabad Airport,2025-11-08,1:05 PM,14:16,1h 12m,non-stop,540.6,Economy,6,Autumn,Saturday,Airbus A320,Third-Party,2,
FL140099,Thai Airways,London Airport,Pune,2025-01-23,10:00 PM,10:21 AM,12h 21m,2 stops,7334.1,Economy,11,Winter,Thursday,Airbus A350,Mobile App,4,54528.76
FL104145,Singapore Airlines,DOH,CCU,2026-08-18,12:00 AM,06:47,6h 47m,1 stop,3804.0,,33,Monsoon,Tuesday,Airbus A380,Third-Party,1,44505.99
FL182145,Qatar Airways,,Jaipur Airport,2026-06-29,5:35 AM,10:54 PM,17h 19m,2,10644.0,Economy,19,Monsoon,Monday,Airbus A320,Third-Party,2,77681.71
FL114251,etihad airways,Singapore,Delhi,2025-04-06,16:40,12:03 AM,,1,4292.6,Business,25,Summer,Sunday,Airbus A320,Website,2,
FL157495,Thai Airways,Jaipur,Doha,2026-10-04,10:00 PM,03:21,5h 22m,1 stop,2614.1,Economy,3,Autumn,Sunday,Airbus A320,Travel Agent,4,33998.72
FL193782,Lufthansa,Frankfurt Airport,Dubai,2026-10-20,17:55,2:46 AM,8h 52m,1,5144.1,Business,99,Autumn,Tuesday,Airbus A350,Website,4,122425.58
FL147458,Etihad Airways,Mumbai,Sydney,2026-03-29,13:40,04:24,14h 44m,1 stop,10264.2 km,Economy,117,Summer,,Airbus A320,Mobile App,,77474.0
FL126298,SpiceJet,Pune,Hyderabad,2026-01-25,8:00 PM,21:11,72 min,,544.7,Economy,18,Winter,Sunday,Boeing 737,Airport Counter,1,4125.44
FL178016,Thai Airways,New York,Hyderabad,2026-07-31,11:25,7:49 AM,1224 min,2 stops,13595.1,Economy,146,Monsoon,Friday,Airbus A320,Mobile App,1,
FL161440,British Airways,Bangkok Airport,DEL,2025-09-03,09:35,1:58 PM,4h 24m,,3039.8,Premium Economy,48,Monsoon,Wednesday,Boeing 787 Dreamliner,Website,2,32873.18
FL189456,SpiceJet,Mumbai,Kolkata,2026-04-25,16:25,8:10 PM,3h 46m,1,1715.3,Business,9,Summer,Saturday,Airbus A320,Travel Agent,2,25000
FL195642,Etihad Airways,BKK,Kolkata,2025-09-13,13:05,16:52,3h 47m,1,1615.0,Economy,64,Monsoon,Saturday,Airbus A380,Website,2,20662.75
FL162087,Emirates,FRA,Bangalore,2026-01-26,22:40,10:45,12h 06m,1 stop,7936.8,Economy,,Winter,,Boeing 777,Third-Party,2,101997.52
FL133890,SPICEJET,Pune,Delhi,2026-05-05,4:20 PM,21:05,4h 45m,2 stops,1244.3,Economy,145,Summer,Tuesday,Airbus A321,Mobile App,2,3660.5
FL184236,Thai Airways,Delhi,Dubai,2025-04-06,09:15,13:39,4h 25m,1,2264.9,Economy,29,Summer,Sunday,Airbus A350,Website,2,
FL158423,Etihad Airways,Kolkata Airport,JFK,2026-01-26,12:15,08:04,19h 49m,2 stops,12791.1,Economy,173,Winter,Monday,Boeing 787 Dreamliner,Mobile App,4,81664.81
FL189539,British Airways,Kolkata,Bangkok,2026-12-29,06:05,8:40 AM,2h 36m,non-stop,1637.3,Economy,88,Winter,,Boeing 787 Dreamliner,Mobile App,1,15161.57
FL139154,GoFirst,Bangalore Airport,CCU,2026-12-21,7:05 PM,22:46,221 min,1,1655.5,Economy,31,Winter,Monday,Airbus A321,Website,1,4490.19
FL123661,GoFirst,Hyderabad,Chennai,2025-12-06,11:10 PM,00:21,1h 12m,0,545.8,Economy,14,Winter,Saturday,ATR 72,Mobile App,4,3338.01
FL127625,Thai Airways,Bangkok,Pune,2026-11-27,20:45,1:11 AM,4h 26m,0,3068.5,Premium Economy,10,Autumn,Friday,,Website,1,57514.53
FL100414,Indigo,Ahmedabad,Goa,2026-08-13,01:55,05:00,3h 05m,1,860.5 km,Economy,25,Monsoon,Thursday,Airbus A320,Website,4,3598.42
FL169672,Air India,Jaipur,Mumbai,2026-02-26,5:55 AM,07:39,1h 44m,0,968.5,Economy,118,Winter,Thursday,Boeing 737,Airport Counter,1,6163.93
FL138386,LUFTHANSA,Singapore,JFK,2026-03-19,9:20 PM,18:54,21h 34m,non-stop,16437.1,,19,Summer,Thursday,Boeing 777,Mobile App,,197982.59
FL179914,Qatar Airways,London,BOM,2026-04-03,5:00 AM,16:23,11h 24m,1,7284.8,Business,52,Summer,,Airbus A350,Travel Agent,3,200000
FL138688,Lufthansa,Pune Airport,Bangkok,2026-11-10,12:50,6:40 PM,5h 50m,1 stop,3109.4,,10,Autumn,Tuesday,Airbus A320,Website,2,82493.65
FL147329,Etihad Airways,,,2025-08-01,11:15 AM,16:34,5h 20m,0,3768.5,Economy,31,Monsoon,Friday,Airbus A350,Website,2,36514.74
FL169007,British Airways,Jaipur,Dubai,2026-05-12,,20:05,3h 20m,non-stop,2211.5,First,19,Summer,Tuesday,Airbus A350,Travel Agent,1,121752.07
FL137407,GoFirst,Hyderabad Airport,PNQ,2026-02-16,09:50,11:01,1h 11m,non-stop,535.1,Economy,12,Winter,Monday,Airbus A320,Travel Agent,one,2491.29
FL194509,Air India,GOI,New York,2025-08-27,01:35,8:23 PM,18h 48m,1,13371.2,Economy,14,Monsoon,Wednesday,Boeing 777,Third-Party,1,
FL153288,Lufthansa,Delhi Airport,Singapore,2025-12-01,8:05 AM,3:48 PM,464 min,1 stop,4314.2,Economy,0,,Monday,Airbus A380,Website,2,63788.05
FL123551,Thai Airways,Hyderabad,DXB,,09:00,2:12 PM,5h 13m,1,2661.2,Economy,4,Autumn,Sunday,Airbus A350,Website,2,30051.37
FL115374,BRITISH AIRWAYS,Jaipur Airport,Singapore,2026-02-19,01:30,08:46,7h 17m,1 stop,4206.0,Economy,3,Winter,Thursday,Boeing 787 Dreamliner,Website,4,79634.47
FL188597,Singapore Airlines,New York,Mumbai,2025-05-24,10:45,3:39 AM,16h 55m,non-stop,12800.0,Economy,25,Summer,Saturday,Airbus A320,Third-Party,1,175121.89
FL180807,Lufthansa,PNQ,Singapore,2025-04-18,06:00,11:23,5h 24m,0,3819.0,Economy,13,Summer,Friday,Airbus A380,Mobile App,1,60314.97
FL180614,Etihad Airways,Doha,Delhi Airport,2025-11-03,12:35,19:20,406 min,2 stops,2622.7,Business,2,,Monday,Boeing 777,Website,2,96101.58
FL160727,Etihad Airways,Bangkok Airport,New York,2026-03-09,12:50 AM,20:22,,1,14026.9,Premium Economy,150,Summer,Monday,Boeing 777,Third-Party,2,"Rs. 200,000.00"
FL117280,Air India,Kolkata,Ahmedabad,2026-02-17,10:35 AM,14:46,4h 11m,1,1725.7,Economy,1,Winter,Tuesday,Airbus A321,,1,15993.05
FL171083,THAI AIRWAYS,PNQ,DXB,,8:05 AM,11:22,3h 18m,0,2181.9,Economy,14,,Thursday,,Website,3,39615.84
FL140246,Singapore Airlines,Ahmedabad,Singapore,2026-01-12,11:00 PM,6:14 AM,7h 14m,1,,Premium Economy,134,Winter,Monday,Airbus A320,Travel Agent,1,
FL158479,Lufthansa,New York,AMD,2025-03-29,12:10 PM,04:16,16h 07m,non-stop,12175.9,Premium Economy,172,Summer,Saturday,Boeing 787 Dreamliner,Mobile App,4,200000
FL157228,Singapore Airlines,New York,,2025-05-01,02:00,16:39,14h 39m,non-stop,11037.5,Economy,17,Summer,Thursday,Airbus A320,Travel Agent,1,121644.68
FL159396,Lufthansa,GOI,Singapore Airport,2026-07-12,5:55 AM,12:19,6h 24m,1,3781.9,Economy,42,Monsoon,Sunday,Boeing 787 Dreamliner,Airport Counter,2,42047.99
FL107385,AirAsia India,Delhi,Chennai,2026-07-12,13:40,16:34,2h 55m,0,1881.7,Economy,36,Monsoon,Sunday,Airbus A320,Website,1,9705.25
FL129522,british airways,Ahmedabad,Dubai,2026-12-30,3:40 PM,18:35,176 min,0,1896.1,Economy,9,Winter,Wednesday,Airbus A380,Travel Agent,1,29781.53
FL193238,British Airways,DXB,Chennai,2025-08-19,13:55,19:18,5h 24m,1,3019.4,Economy,46,Monsoon,Tuesday,Boeing 787 Dreamliner,Third-Party,2,22424.66
FL153219,Emirates,,Frankfurt,2025-06-27,1:00 AM,12:23 PM,11h 24m,1 stop,7393.0,Premium Economy,33,,Friday,Airbus A320,Mobile App,1,106691.9
FL189823,Lufthansa,Doha,Frankfurt Airport,2025-09-03,23:45,6:11 AM,387 min,non-stop,4636.7,Business,20,Monsoon,Wednesday,Boeing 777,Mobile App,2,144247.55
FL194547,Etihad Airways,New York Airport,Kolkata,2026-03-21,15:25,11:47,20h 22m,2 stops,12954.2,Business,9,Summer,Saturday,Airbus A380,Third-Party,2,"Rs. 200,000.00"
FL141358,Emirates,JAI,Bangkok,2025-10-31,06:15,10:35,4h 21m,0,2998.1,Economy,,Autumn,Friday,Airbus A320,,1,
FL158021,Emirates,SYD,FRA,2025-02-18,6:45 PM,7:14 PM,24.49,1 stop,17482.7,Business,150,Winter,Tuesday,Airbus A350,Travel Agent,2,200000
FL164623,vistara,Dubai Airport,Chennai,,02:55,7:15 AM,,0,2996.7,Economy,2,Monsoon,Friday,Airbus A320,Mobile App,1,"Rs. 40,945.96"
FL143093,Thai Airways,Doha,Kolkata,2026-04-01,20:05,04:45,8h 41m,2,3763.6,Economy,9,Summer,Wednesday,Boeing 787 Dreamliner,Website,6,27378.72
FL182800,Lufthansa,Delhi,Doha Airport,,07:10,11:00,3h 51m,non-stop,2612.3,Economy,35,Summer,Saturday,Boeing 777,Website,6,27573.23
FL195330,GoFirst,Chennai Airport,Hyderabad,2026-08-27,15:45,6:26 PM,2h 42m,1 stop,548.4,Premium Economy,160,Monsoon,Thursday,ATR 72,Website,5,3002.23
FL159688,Vistara,,AMD,2026-05-10,10:35 AM,1:22 PM,2h 48m,1,537.5,Economy,2 days,Summer,Sunday,Boeing 737,Website,2,6128.19
FL106692,Emirates,London,JAI,2026-04-15,6:55 PM,05:07,10.21,1,6789.0,Economy,39,Summer,Wednesday,Boeing 787 Dreamliner,Website,1,61146.77
FL165458,Qatar Airways,,Bangkok,,9:10 PM,11:03,13h 54m,1,9378.1,Economy,3,Autumn,Saturday,Airbus A320,Website,1,134602.92
FL191228,Emirates,Jaipur,DOH,2025-08-15,22:00,1:43 AM,3h 44m,0,2516.3,Economy,38,Monsoon,Friday,Boeing 787 Dreamliner,Mobile App,2,27430.37
FL178552,Emirates,Sydney,Jaipur,2026-02-24,00:45,6:16 PM,17h 31m,2,10999.2,Economy,,Winter,Tuesday,Airbus A320,Third-Party,2,86133.0
FL111216,AirAsia India,Delhi,BLR,2025-08-29,22:50,1:39 AM,169 min,non-stop,1812.6,Business,30,Monsoon,Friday,ATR 72,Website,,23552.51
FL162975,INDIGO,Chennai,Ahmedabad,2026-08-30,12:15 AM,03:59,3h 45m,1,1423.6,Economy,41,Monsoon,Sunday,Airbus A320,Mobile App,2,4909.45
FL125385,,,Ahmedabad,2025-10-21,12:10,16:32,4h 22m,1,2178.5,Economy,38,,Tuesday,Airbus A320,Website,1,15000
FL187306,Thai Airways,Doha,Delhi,,,18:25,3h 50m,0,2600.6,Economy,33,Monsoon,Wednesday,Airbus A320,Website,2,23987.41
FL168021,Indigo,Pune Airport,Hyderabad Airport,2026-04-20,7:25 AM,8:36 AM,,0,534.7,Economy,19,Summer,Monday,Airbus A320,Mobile App,2,2003.05
FL139417,Emirates,New York Airport,Jaipur Airport,2026-01-02,08:40,12:25 AM,15h 46m,non-stop,11903.1,Premium Economy,12,Winter,Friday,Boeing 777,Travel Agent,two,200000
FL155723,indigo,Chennai,Bangalore Airport,2025-09-03,04:00,06:34,2h 35m,1,294.5,Premium Economy,,Monsoon,Wednesday,Airbus A321,Website,2,2000
FL126731,Emirates,AMD,Doha,2025-08-22,4:00 AM,7:23 AM,204 min,0,2261.1,Economy,5,Monsoon,Friday,Boeing 787 Dreamliner,Website,1,40460.94
FL105359,Emirates,Chennai,New York,2025-11-15,12:25 AM,8:04 PM,1179 min,1,14097.4,Economy,23,Autumn,Saturday,Boeing 777,Third-Party,1,164929.16
FL166499,AIR INDIA,Sydney,CCU,2025-09-09,2:10 PM,4:38 AM,14h 28m,1,9752.8,Economy,164,Monsoon,Tuesday,Airbus A350,Travel Agent,3,64457.75
FL172246,AirAsia India,Pune,Goa,2025-09-11,23:10,00:07,0h 57m,0,352.7,Economy,10,Monsoon,Thursday,ATR 72,Mobile App,6,2000
FL141966,SpiceJet,Bangalore Airport,Kolkata,2025-02-22,17:10,19:48,2h 38m,0,1667.3,Economy,10,Winter,Saturday,ATR 72,Mobile App,5,10869.42
FL151730,Lufthansa,AMD,Doha,2026-06-30,22:10,03:13,5h 04m,1,2289.7,Economy,28,Monsoon,Tuesday,Boeing 787 Dreamliner,Mobile App,2,20967.94
FL111514,GoFirst,Jaipur Airport,Delhi,2025-03-18,10:10 AM,13:38,209 min,2 stops,239.7,Economy,23,Summer,Tuesday,Boeing 737,Travel Agent,1,2000
FL173620,Thai Airways,PNQ,Sydney,2026-09-06,1:50 PM,04:09,,0,10787.1,Economy,22,Monsoon,Sunday,Airbus A320,Website,1,93749.76
FL181153,emirates,Sydney Airport,FRA,2025-01-03,06:30,6:36 AM,,1,17215.6,Business,8,Winter,Friday,Airbus A350,Mobile App,2,200000
FL134753,GoFirst,,Ahmedabad,2026-06-05,9:45 PM,11:22 PM,1h 38m,non-stop,878.3,Economy,39,Monsoon,Friday,ATR 72,Website,2,4367.91
FL122257,British Airways,London,Kolkata,2026-02-27,12:50,2:01 AM,13h 12m,2,8048.7,First,40,,Friday,Airbus A320,Mobile App,2,200000
FL183880,Indigo,Jaipur Airport,BLR,2025-01-24,11:05,1:36 PM,,0,1581.0,Economy,14,Winter,Friday,Boeing 737,Website,1,13210.8
FL143957,Lufthansa,Frankfurt,Mumbai,,03:55,1:03 PM,9h 08m,non-stop,6740.0,Economy,21,Monsoon,Thursday,Airbus A380,Airport Counter,1,64622.46
FL175023,Lufthansa,JFK,Pune,2025-10-15,21:05,15:36,18h 31m,1,12768.9,Economy,7,Autumn,Wednesday,Airbus A350,Website,2,123582.67
FL117874,British Airways,Sydney Airport,Singapore,2026-11-13,3:35 PM,,,1,6628.9,Economy,101,Autumn,Friday,Boeing 787 Dreamliner,Third-Party,1,49405.59
FL196058,LUFTHANSA,Frankfurt,Doha Airport,,3:45 PM,10:14 PM,6h 29m,,4669.0,Economy,17,Autumn,,Airbus A350,Airport Counter,,69795.26
FL168137,British Airways,Bangkok,Bangalore,2025-08-07,7:30 AM,11:11,3h 41m,,2484.1,Business,12,Monsoon,Thursday,Airbus A350,Travel Agent,1,112047.92
FL117803,AirAsia India,Bangalore Airport,Delhi,2025-08-07,,12:49,254 min,1,1748.8,Economy,11,Monsoon,Thursday,Boeing 737,Third-Party,2,10171.72
FL196524,qatar airways,Frankfurt,SIN,2026-09-15,15:00,8:44 AM,17h 45m,2,10797.7,Business,0,Monsoon,Tuesday,Boeing 777,Mobile App,2,200000
FL108888,Singapore Airlines,London,Delhi,2026-12-26,04:25,15:33,11h 09m,1,,Economy,29,Winter,Saturday,Airbus A350,Travel Agent,1,76286.61
FL143295,AirAsia India,CCU,Chennai,2026-10-29,5:20 AM,7:39 AM,2h 19m,0,1417.9,Business,0,Autumn,Thursday,Airbus A321,Third-Party,2,25000
FL126911,Vistara,Delhi Airport,Jaipur Airport,2026-01-08,02:35,3:23 AM,0h 49m,non-stop,244.1,Economy,37,Winter,Thursday,Airbus A320,Mobile App,4,
FL160306,Singapore Airlines,Ahmedabad,Sydney,2026-06-12,04:10,19:48,15h 39m,,10788.1,Business,7,,Friday,Boeing 787 Dreamliner,Mobile App,1,200000
FL164292,Vistara,BOM,Goa Airport,2026-06-05,9:05 PM,11:22 PM,2h 17m,,436.3,Premium Economy,8,Monsoon,Friday,Boeing 737,Website,2,4466.49
FL143386,SpiceJet,Ahmedabad Airport,Jaipur Airport,2025-12-28,21:55,11:08 PM,1.22,non-stop,563.5,First,40,Winter,Sunday,ATR 72,Website,1,11009.78
FL141495,Emirates,SYD,Pune,2025-01-21,10:10 AM,12:20 AM,14h 10m,0,10662.5,Economy,,Winter,Tuesday,Boeing 787 Dreamliner,Airport Counter,4,92009.25
FL193488,Vistara,Delhi,SYD,2025-03-08,1:10 AM,5:36 PM,16h 26m,1,11159.0,Economy,,Summer,Saturday,Boeing 777,Website,4,130981.37
FL165406,Air India,Sydney,Ahmedabad,2025-03-10,19:15,10:58,,1 stop,10897.0,Economy,153,Summer,Monday,Boeing 777,Mobile App,1,73424.54
FL168767,Singapore Airlines,Pune,Doha Airport,2025-11-23,1:15 PM,17:05,3.84,0,2603.5,Economy,4,Autumn,Sunday,Boeing 787 Dreamliner,Mobile App,2,54349.02
FL150679,GoFirst,Pune,Kolkata Airport,2025-03-19,19:30,10:02 PM,2h 32m,non-stop,1592.3,Economy,71,Summer,Wednesday,Boeing 737,Third-Party,1,5797.16
FL128967,Lufthansa,Ahmedabad,Dubai,2026-06-23,12:15,15:01,2h 47m,0,1777.5,Premium Economy,32,Monsoon,Tuesday,Airbus A320,Website,1,21077.59
FL191040,Thai Airways,DXB,London,2025-07-04,03:20,14:04,10h 45m,2,5572.2,Economy,9,Monsoon,Friday,Boeing 787 Dreamliner,Website,1,"Rs. 61,875.55"
FL180841,Emirates,Jaipur,Doha Airport,2025-11-28,7:50 AM,12:30 PM,4h 40m,1 stop,2437.1,Economy,43,Autumn,Friday,Boeing 777,Website,1,
FL125153,qatar airways,Singapore,Sydney,2025-08-23,19:20,05:20,10h 00m,1 stop,6564.9,Economy,3,Monsoon,Saturday,Airbus A320,Third-Party,5,114809.46
FL157117,Emirates,Bangkok,Delhi,2026-03-31,12:15,18:13,5.97,,2939.3 km,Business,132,Summer,Tuesday,Airbus A350,Website,6,87933.95
FL182565,Qatar Airways,Bangkok,Frankfurt Airport,2025-01-05,23:30,12:56 PM,807 min,1,8970.4,Premium Economy,10,Winter,Sunday,Boeing 777,Website,1,200000
FL176491,Thai Airways,Kolkata,SIN,2025-02-09,9:35 PM,1:50 AM,4h 16m,0,,Premium Economy,87,Winter,Sunday,Boeing 787 Dreamliner,Travel Agent,2,65554.79
FL118700,Singapore Airlines,Bangalore,Doha,2026-09-01,14:10,18:41,272 min,0,3141.9,Economy,23,Monsoon,Tuesday,Airbus A380,Travel Agent,1,30313.49
FL152633,GoFirst,Jaipur Airport,Delhi,2025-10-24,15:20,16:08,0h 48m,0,236.5,Economy,68,,Friday,Airbus A320,Mobile App,1,2000
FL124193,QATAR AIRWAYS,Doha,CCU,2026-10-13,16:05,9:31 PM,327 min,non-stop,,Economy,3,Autumn,Tuesday,Airbus A320,Website,3,67232.8
FL195421,,Dubai,London,2026-10-04,06:50,16:28,9h 38m,2,5478.3,Premium Economy,0,Autumn,Sunday,Airbus A380,Mobile App,2,"Rs. 120,370.23"
FL185704,Thai Airways,Singapore Airport,New York Airport,2026-05-28,11:00 PM,,22h 40m,1,15990.9,Economy,34,Summer,Thursday,Boeing 777,Mobile App,1,120432.22
FL191306,British Airways,New York,Chennai Airport,2026-09-21,19:50,14:14,18h 24m,0,13966.8,Economy,1,Monsoon,,Airbus A350,,,200000
FL191603,Emirates,Bangkok,Pune,2026-09-24,10:40 PM,02:55,4.26,non-stop,2935.4,Economy,34,Monsoon,Thursday,Airbus A320,Third-Party,3,26344.39
FL167384,Vistara,Pune,Goa Airport,2026-12-13,5:15 PM,18:12,0h 57m,,351.4,Premium Economy,13,Winter,Sunday,Airbus A320,Third-Party,2,
FL113877,Lufthansa,Pune Airport,Singapore,2025-01-07,10:50 PM,05:44,6h 55m,1 stop,3958.6,Economy,1,Winter,Tuesday,Airbus A320,Mobile App,2,76192.13
FL147797,British Airways,Doha,Hyderabad,2025-01-23,4:20 AM,8:37 AM,4h 17m,non-stop,2956.8,Economy,41,Winter,Thursday,Airbus A380,Website,1,22627.04
FL130928,Singapore Airlines,Frankfurt,PNQ,2025-08-11,21:10,08:00,650 min,1 stop,6811.0,Premium Economy,78,Monsoon,,Boeing 787 Dreamliner,Mobile App,1,99620.88
FL137653,Lufthansa,Singapore,Chennai,2025-01-28,3:00 PM,,4h 30m,non-stop,3115.9,Economy,14,Winter,Tuesday,Boeing 777,Travel Agent,1,39677.7
FL105435,Etihad Airways,Bangkok,Ahmedabad,2026-12-05,02:30,07:07,277 min,non-stop,3217.3,Economy,6,Winter,Saturday,Boeing 777,,,59079.51
FL180035,Lufthansa,Chennai,Bangkok,2025-01-13,05:20,08:44,3h 24m,non-stop,2262.8,Economy,34,Winter,Monday,Boeing 787 Dreamliner,Travel Agent,3,34195.89
FL185570,Thai Airways,Doha,Pune,2025-06-08,08:25,1:12 PM,4h 48m,1,2551.8,,12,,Sunday,Boeing 777,Website,4,33662.18
FL162908,Singapore Airlines,Sydney Airport,Bangkok Airport,2026-05-15,02:25,12:44 PM,619 min,0,,,31,Summer,Friday,Boeing 787 Dreamliner,Mobile App,4,82708.26
FL155388,Thai Airways,Dubai,Hyderabad Airport,2026-01-03,,03:01,3.86,non-stop,2621.7,Premium Economy,33,Winter,Saturday,Airbus A320,Website,2,58714.01
FL137323,Air India,DEL,Singapore,2025-09-26,6:25 PM,12:31 AM,6h 07m,0,4380.1,Economy,43,Monsoon,Friday,Airbus A350,Website,1,33393.71
FL141197,lufthansa,Dubai Airport,Mumbai Airport,2025-08-07,5:05 PM,8:05 PM,3h 00m,0,1950.6,Economy,42,Monsoon,Thursday,Airbus A380,Third-Party,,19450.48
FL184806,Qatar Airways,New York,Sydney,2026-11-09,11:40 PM,11:22 PM,1422 min,1 stop,16903.8,Premium Economy,18,Autumn,Monday,Airbus A350,Travel Agent,1,200000
FL176180,Lufthansa,Hyderabad,Doha,2026-01-12,14:35,18:57,263 min,non-stop,3023.5,Premium Economy,19,Winter,Monday,Airbus A380,Mobile App,3,60887.55
FL114423,AirAsia India,Kolkata,Jaipur,2026-10-12,16:55,9:33 PM,4h 38m,2 stops,1413.0,Economy,122,Autumn,Monday,,Airport Counter,2,3623.69
FL158921,,Jaipur,Singapore,2025-06-11,8:45 AM,17:37,532 min,2 stops,4188.7,Economy,25,,Wednesday,Airbus A320,Airport Counter,2,"Rs. 34,953.00"
FL153514,Lufthansa,Jaipur,Sydney,2026-06-22,7:50 AM,1:17 AM,17h 27m,2,10705.3,Premium Economy,3,Monsoon,Monday,Airbus A380,Website,4,200000
FL106425,Singapore Airlines,Delhi,Doha Airport,2025-08-23,19:10,11:02 PM,3h 53m,0,2635.2,Premium Economy,36,Monsoon,Saturday,Airbus A380,Website,1,40567.75
FL108346,AirAsia India,Hyderabad Airport,Kolkata Airport,2025-03-11,8:20 PM,11:28 PM,3h 09m,1,1231.9,Business,5,Summer,Tuesday,Airbus A320,Mobile App,2,"Rs. 20,522.39"
FL194916,Thai Airways,,Frankfurt Airport,2026-06-19,01:10,11:47,10.63,1 stop,6776.4,Economy,7,Monsoon,Friday,Boeing 787 Dreamliner,Airport Counter,2,83539.53
FL140073,SpiceJet,Bangalore,Jaipur,2025-08-09,1:25 AM,05:50,4h 26m,1,1680.7,Premium Economy,44,Monsoon,Saturday,ATR 72,Mobile App,1,9269.13
FL154620,Thai Airways,Singapore,London,2025-12-21,02:10,17:17,15.13,non-stop,11408.6,Economy,0,Winter,Sunday,Boeing 777,Third-Party,2,170399.95
FL161986,Air India,Sydney,Doha,2025-03-10,17:35,11:41,18h 06m,,12725.8,Business,35,Summer,Monday,Boeing 787 Dreamliner,Website,4,196675.09
FL107648,Etihad Airways,Chennai Airport,Doha,2026-12-04,3:05 AM,8:06 AM,5h 02m,non-stop,3532.3,Economy,84,Winter,Friday,Airbus A350,Airport Counter,1,37191.77
FL159926,ETIHAD AIRWAYS,,Frankfurt,2025-10-16,9:15 PM,4:01 AM,406 min,0,4889.8 km,Economy,71,Autumn,Thursday,Airbus A380,Website,1,45255.78
FL130921,Thai Airways,FRA,Pune Airport,2026-09-04,05:00,2:10 PM,9h 11m,non-stop,6769.2,Economy,34,,Friday,Boeing 787 Dreamliner,Travel Agent,1,61423.06
FL116962,,Dubai,New York Airport,2025-10-20,5:10 AM,,16.55,1,11715.0,Economy,81,Autumn,Monday,,Website,5,94131.96
FL182200,Indigo,Bangalore Airport,HYD,2026-12-14,07:00,08:11,1h 11m,non-stop,537.9,Economy,36,Winter,Monday,Airbus A320,Website,3,2932.25
FL113979,AirAsia India,BLR,,2026-08-24,22:35,00:13,1h 38m,0,889.7,Business,116,Monsoon,Monday,Airbus A321,Mobile App,2,10630.59
FL170790,Air India,Mumbai,DOH,2026-12-22,13:20,6:23 PM,5.06,1,2358.8,Economy,35,Winter,Tuesday,Airbus A380,Third-Party,4,15000
FL120100,Vistara,Delhi Airport,Hyderabad,2026-12-12,02:45,6:03 AM,3h 18m,1,1294.0,Economy,6,Winter,,Airbus A320,Website,1,9065.91
FL142541,Qatar Airways,Chennai,Singapore,2025-10-14,20:30,02:10,5h 41m,1 stop,2921.0,Business,11,Autumn,Tuesday,Boeing 787 Dreamliner,Mobile App,5,74542.53
FL110564,Etihad Airways,,BOM,2026-08-06,10:20,1:56 PM,3h 36m,,2419.1,Business,22,Monsoon,Thursday,Airbus A380,Mobile App,1,85303.7
FL148836,Thai Airways,Bangkok,Delhi,2025-11-01,13:50,8:01 PM,6h 11m,1,3136.2,Economy,16,Autumn,Saturday,,Website,2,
FL175292,Singapore Airlines,Jaipur,BKK,2026-02-13,12:00 AM,04:27,4h 27m,non-stop,3083.0,Premium Economy,10,Winter,Friday,Airbus A380,Third-Party,2,78848.63
FL139087,British Airways,New York,Doha,2026-10-07,10:50 AM,5:11 AM,18.35,2,11166.8,Premium Economy,12,Autumn,Wednesday,Airbus A350,Mobile App,1,"Rs. 156,268.58"
FL136268,Etihad Airways,Ahmedabad,Sydney,2026-05-14,07:00,22:34,15h 34m,1,10898.9,Economy,30,Summer,,Airbus A320,Third-Party,three,125985.37
FL113418,Singapore Airlines,Delhi,Frankfurt,2026-02-08,12:55,10:22 PM,567 min,1,,Economy,91,Winter,Sunday,Boeing 777,Airport Counter,2,68365.17
FL118691,Etihad Airways,Chennai,London,2026-03-21,16:10,05:37,13h 27m,2,8485.1,Economy,2,Summer,Saturday,,Website,1,179100.09
FL173001,AirAsia India,Jaipur,Ahmedabad,2026-05-10,11:35,12:48,,0,571.0,Economy,39,Summer,Sunday,Boeing 737,Airport Counter,one,2696.07
FL112996,emirates,Ahmedabad Airport,Sydney,2025-02-01,7:25 PM,10:14 AM,14.83,0,11179.6,Economy,15,Winter,Saturday,Airbus A320,Third-Party,1,121158.98
FL197591,Emirates,Sydney,Hyderabad,2026-12-11,22:05,13:22,15h 17m,1,10241.3,Economy,87,Winter,Friday,Airbus A380,Mobile App,3,84055.25
FL195017,Etihad Airways,Bangkok,Goa,2025-05-07,12:30,17:54,5h 25m,1,3001.1,Economy,0,,Wednesday,Airbus A320,Website,,40870.51
FL181309,Singapore Airlines,Ahmedabad Airport,Dubai,2025-04-14,02:35,8:00 AM,5.42,2,1882.4,Economy,37,Summer,Monday,Airbus A320,Travel Agent,1,15000
FL106684,Vistara,Doha Airport,Dubai,2025-05-18,10:35 PM,12:37 AM,2h 02m,1,402.6,Premium Economy,164,Summer,Sunday,Boeing 787 Dreamliner,Mobile App,1,15000
FL181366,Qatar Airways,London,Singapore,2025-12-14,4:50 PM,09:00,16h 10m,1,10872.5,Business,36,Winter,Sunday,Airbus A350,Website,,200000
FL102900,Lufthansa,DXB,HYD,2026-11-14,7:10 AM,12:47 PM,5h 37m,,2727.4,Premium Economy,17,Autumn,Saturday,Airbus A350,Travel Agent,1,
FL117723,Thai Airways,Bangalore,Frankfurt,2025-03-31,04:55,16:54,11h 59m,1,7695.9,Economy,,Summer,Monday,Airbus A350,Mobile App,2,99708.24
FL171473,GoFirst,BOM,Pune Airport,2025-03-04,9:35 PM,22:20,45 min,0,150,Economy,17,Summer,Tuesday,ATR 72,,2,2000
FL193501,British Airways,Doha,Frankfurt,2025-02-19,6:10 AM,12:54 PM,6.75,0,4873.7 km,Economy,93,Winter,Wednesday,Airbus A320,Mobile App,,54462.24
FL175086,Lufthansa,Singapore Airport,Kolkata,2025-04-04,5:05 PM,9:19 PM,4h 15m,0,2922.6,First,28,Summer,Friday,Airbus A320,Mobile App,4,196880.69
FL112294,Emirates,London,Doha Airport,2025-07-29,00:00,7:30 AM,7h 30m,0,5460.8,,10,Monsoon,Tuesday,Boeing 777,Website,1,81816.59
FL193479,Singapore Airlines,Sydney,Kolkata,2025-06-07,12:00 PM,01:28,13.48,1,9306.7,Economy,42,Monsoon,Saturday,Airbus A380,Airport Counter,3,104532.48
FL157417,Indigo,GOI,Bangalore,,08:40,9:49 AM,1h 10m,non-stop,516.4,Economy,9,Winter,Sunday,Boeing 737,Website,4,2958.99
FL132179,Vistara,Mumbai,New York Airport,2025-07-09,4:05 PM,11:04,1140 min,,13433.2,Economy,4,Monsoon,Wednesday,Boeing 777,Mobile App,1,130309.17
FL113380,British Airways,Bangkok,Pune Airport,2025-05-11,03:30,08:55,5h 26m,1,2999.2 km,Economy,5,Summer,Sunday,Boeing 787 Dreamliner,Mobile App,4,42559.18
FL101648,Lufthansa,DEL,BKK,2026-10-06,9:45 PM,02:16,4h 31m,0,3137.8,Premium Economy,11,Autumn,Tuesday,Airbus A320,Third-Party,one,71715.49
FL121903,Emirates,Hyderabad,New York,2026-08-04,04:25,23:53,19h 28m,1,13838.0,Economy,20 days,Monsoon,Tuesday,Airbus A320,Website,1,138869.84
FL178758,Thai Airways,JFK,Singapore Airport,2025-10-05,9:35 PM,9:33 PM,23h 59m,2 stops,16062.8,Business,29,Autumn,Sunday,Airbus A320,Website,6,200000
FL147686,Singapore Airlines,Frankfurt,Bangkok,2026-05-03,07:25,11:26 PM,,2 stops,9460.0,Business,20,Summer,,Boeing 777,Third-Party,6,200000
FL127288,Qatar Airways,Frankfurt,Pune,2025-03-14,20:40,9:35 AM,,2,7126.0,Economy,24,Summer,Friday,Boeing 787 Dreamliner,Website,5,72366.68
FL190233,Indigo,Pune,Jaipur,2025-08-02,03:35,05:18,1.73,0,957.5,Premium Economy,135,Monsoon,Saturday,Airbus A320,Airport Counter,1,6237.58
FL167979,Air India,London,Frankfurt Airport,2026-02-09,12:10 PM,13:31,1h 22m,,672.7,Economy,13,Winter,Monday,Boeing 787 Dreamliner,Website,6,15000
FL163286,British Airways,Kolkata,Singapore,2025-03-03,04:10,09:53,343 min,1 stop,3119.7,Economy,0,Summer,Monday,Airbus A320,Third-Party,1,50301.76
FL134401,Lufthansa,Mumbai,Doha,2026-05-17,4:50 PM,21:59,5h 09m,1 stop,2431.0,Economy,30,Summer,Sunday,Airbus A350,Travel Agent,5,31560.51
FL111833,Lufthansa,Dubai,Hyderabad,2025-05-19,1:40 AM,6:56 AM,5h 17m,1 stop,2682.6,Economy,6,Summer,Monday,Airbus A380,Website,1,25287.98
FL132574,Singapore Airlines,Singapore Airport,Goa,2026-05-23,06:55,13:42,6h 48m,1,3918.6,Business,149,Summer,Saturday,,Website,2,101580.01
FL132106,Lufthansa,Chennai,DXB,2025-10-12,03:30,09:44,6h 14m,1,3118.3,Economy,11,Autumn,Sunday,Airbus A380,Third-Party,1,32712.87
FL144593,Indigo,Hyderabad,Pune,2025-02-03,10:00,11:09,1h 09m,0,509.3,Premium Economy,,Winter,Monday,Airbus A320,Mobile App,1,2982.1
FL184878,Air India,Pune Airport,,2025-09-24,21:00,,4h 19m,1,2115.6,Economy,2,Monsoon,Wednesday,Boeing 787 Dreamliner,,1,21481.53
FL127418,Lufthansa,Frankfurt,Sydney,2026-08-06,8:15 PM,20:20,24.10,1,17595.2,Economy,9,Monsoon,Thursday,Airbus A320,,1,142185.64
FL124504,Singapore Airlines,Hyderabad,Frankfurt,2025-08-10,,07:24,11.32,1,7521.7,Economy,128,Monsoon,Sunday,Boeing 787 Dreamliner,Mobile App,3,57278.2
FL107677,Indigo,Jaipur,Mumbai,2026-08-22,15:50,5:32 PM,103 min,0,943.9,Economy,14,,Saturday,Boeing 737,Third-Party,1,5434.01
FL190751,Qatar Airways,Ahmedabad Airport,,2025-04-10,05:45,3:50 PM,10.09,1,6225.4,Economy,133,Summer,Thursday,Boeing 777,Mobile App,1,39268.2
FL164296,Lufthansa,Bangkok,London Airport,2025-09-16,6:55 AM,21:25,,1 stop,9722.7,Economy,12,Monsoon,Tuesday,Boeing 777,Website,2,92650.65
FL195893,air india,Hyderabad,JAI,2025-12-28,04:50,06:48,119 min,non-stop,1155.9,Premium Economy,7,Winter,Sunday,ATR 72,,1,14421.8
FL124187,British Airways,GOI,Frankfurt,2026-11-30,12:00 PM,12:06 AM,12h 07m,2,7377.7,Economy,99,Autumn,Monday,Airbus A320,Travel Agent,1,50909.51
FL144818,AirAsia India,Bangalore Airport,Delhi Airport,2025-07-16,6:35 AM,09:25,2h 51m,0,1830.3,Economy,16,Monsoon,Wednesday,Airbus A320,Third-Party,1,10492.43
FL183884,Indigo,Hyderabad,Goa,2026-12-19,10:05 PM,00:23,2h 18m,1,551.7,Economy,43,Winter,Saturday,Airbus A321,,1,2186.0
FL191845,Thai Airways,New York,Mumbai Airport,2025-08-29,22:10,16:42,18h 33m,1,12828.2,Premium Economy,21,Monsoon,,Airbus A350,Website,2,200000
FL153707,British Airways,Sydney,New York Airport,2026-07-21,15:55,15:39,23h 45m,1 stop,17195.0,Economy,29,Monsoon,Tuesday,Boeing 777,Website,1,542.81
FL105546,SpiceJet,Mumbai,Goa,2026-03-22,10:15 AM,13:05,2h 50m,,435.3,Economy,3 days,Summer,Sunday,Airbus A321,Travel Agent,1,3687.72
FL118418,Air India,New York Airport,Bangkok,2026-01-26,13:25,10:04,20h 40m,1,14829.3,,45,Winter,Monday,,Website,3,200000
FL149597,SpiceJet,,Chennai,2026-08-29,03:50,06:40,2h 50m,0,1823.7,Economy,43,Monsoon,Saturday,Boeing 737,Website,3,7509.05
FL170666,EMIRATES,Sydney,,2025-08-17,19:50,09:48,13h 59m,0,10514.3,Economy,11,Monsoon,Sunday,Airbus A350,Third-Party,1,127817.24
FL150948,Singapore Airlines,Doha,AMD,2025-11-13,07:10,,3h 16m,0,2152.6,Business,13,Autumn,Thursday,Boeing 777,Mobile App,two,92382.86
FL123191,BRITISH AIRWAYS,Dubai,New York Airport,2025-10-15,07:50,12:59 AM,17h 10m,2,11214.0 km,Economy,6,Autumn,Wednesday,Boeing 777,Third-Party,3,107630.91
FL176313,Singapore Airlines,,Sydney,2025-05-07,10:55 AM,,10h 09m,1,6581.5,Economy,13,Summer,Wednesday,Airbus A320,Mobile App,1,54713.76
FL104070,Singapore Airlines,Frankfurt,Chennai,,4:15 AM,16:11,717 min,1,7796.9,,26,Winter,,Airbus A350,Travel Agent,2,119273.11
FL147260,SpiceJet,Jaipur Airport,Delhi Airport,2026-11-27,02:10,2:59 AM,0h 49m,,252.3,Premium Economy,5,Autumn,Friday,Airbus A320,Website,4,2180.96
FL170938,Etihad Airways,London,,2026-07-31,6:25 PM,,11h 02m,0,8214.5,Economy,25,Monsoon,Friday,Airbus A320,Third-Party,1,96156.85
FL128260,Etihad Airways,Sydney,JAI,2025-12-16,6:50 AM,23:01,16.19,1,11006.0,Premium Economy,8,Winter,Tuesday,Boeing 787 Dreamliner,Mobile App,2,200000
FL104189,GoFirst,Jaipur,Goa,2026-08-29,11:55,14:07,2h 12m,0,1328.3,,11,Monsoon,Saturday,ATR 72,Third-Party,2,10590.54
FL189091,EMIRATES,LHR,Hyderabad,2025-01-30,15:00,2:46 AM,11h 47m,1 stop,7837.0,Economy,6,Winter,Thursday,Airbus A380,Travel Agent,1,81048.79
FL146712,THAI AIRWAYS,Bangkok,Sydney,2026-02-11,02:00,13:44,11h 45m,1 stop,7930.2,Economy,30,Winter,Wednesday,Boeing 777,Website,1,88954.79
FL136067,VISTARA,Dubai,Doha,2025-01-23,18:15,20:45,2.51,1 stop,376.4,Economy,3,Winter,Thursday,Boeing 787 Dreamliner,Third-Party,2,15000
FL152260,Singapore Airlines,Kolkata,Bangkok,2025-07-09,08:25,11:07 AM,2h 42m,0,1719.4,,2,Monsoon,Wednesday,Boeing 777,Website,1,58720.02
FL112556,AIR INDIA,Jaipur Airport,,2026-11-27,12:30 PM,22:59,10h 29m,1 stop,6475.0,Premium Economy,9,Autumn,Friday,Airbus A380,Mobile App,4,68053.79
FL194942,Etihad Airways,,Ahmedabad,2026-02-14,13:05,07:13,1089 min,1 stop,12434.2,Business,6,Winter,Saturday,Boeing 787 Dreamliner,Website,3,200000
FL123035,,Ahmedabad,Mumbai,2025-06-26,9:35 AM,11:51 AM,2h 17m,1,450.9,Economy,8,Monsoon,Thursday,ATR 72,Third-Party,1,2306.54
FL190796,Qatar Airways,Sydney,Hyderabad,2026-06-08,5:55 PM,08:30,14.59,1,9871.3,Economy,0,Monsoon,Monday,Boeing 777,Website,1,159840.86
FL135581,British Airways,SIN,Doha Airport,2025-06-23,21:35,6:26 AM,8h 51m,0,6515.0,,34,Monsoon,Monday,Airbus A380,Third-Party,2,75995.32
FL104194,Vistara,Goa,Jaipur,2025-02-09,1:50 PM,,2h 16m,0,1382.8,Premium Economy,1,Winter,Sunday,Boeing 737,Third-Party,2,19955.88
FL190765,,Goa,Mumbai,2025-05-14,21:15,10:18 PM,1h 04m,0,436.7,Economy,30,Summer,Wednesday,ATR 72,Airport Counter,3,2000
FL189871,Qatar Airways,Pune,Dubai,,09:30,12:44,3h 15m,0,2138.5,Economy,34,Winter,Saturday,Airbus A380,Travel Agent,1,28022.53
FL145207,Lufthansa,Bangalore Airport,Dubai,2026-04-04,22:00,3:32 AM,5h 33m,1 stop,2836.0,Economy,6,Summer,Saturday,Airbus A380,Third-Party,1,58913.09
FL167643,Qatar Airways,Bangalore,Dubai,2025-06-23,16:45,10:17 PM,5h 32m,1 stop,2848.2,Economy,11,Monsoon,Monday,Airbus A320,Website,2,24895.54
FL187416,Emirates,London,Bangkok Airport,2026-05-01,18:50,09:59,15h 10m,1,10205.6,Economy,12,Summer,Friday,Airbus A320,Mobile App,6,150226.47
FL120041,Emirates,Dubai Airport,DOH,2025-12-24,12:35 PM,1:35 PM,1h 00m,non-stop,391.6,Economy,13,Winter,,Boeing 777,Airport Counter,3,15000
FL132021,EMIRATES,MAA,Frankfurt,2026-08-13,2:25 AM,15:57,13.55,2 stops,7687.8,Economy,11,Monsoon,Thursday,Airbus A350,Mobile App,5,88752.46
FL117871,Singapore Airlines,Chennai Airport,SIN,2026-12-13,12:00 PM,5:50 PM,5h 51m,1,3057.6,Economy,7,Winter,Sunday,Boeing 777,Website,1,"Rs. 49,974.11"
FL133296,Lufthansa,SYD,HYD,2026-03-02,4:40 PM,05:29,769 min,non-stop,9612.2,Economy,4,Summer,Monday,Airbus A320,Mobile App,4,189061.12
FL132904,GoFirst,Delhi Airport,Chennai,2025-02-06,13:50,16:44,174 min,non-stop,1874.8,Economy,14,Winter,Thursday,Airbus A321,Third-Party,1,"Rs. 14,264.29"
FL188055,British Airways,Dubai Airport,SYD,2025-05-05,3:45 PM,09:49,18h 04m,1,12655.0,Economy,6,Summer,Monday,Boeing 787 Dreamliner,Mobile App,4,145510.58
FL147909,Qatar Airways,BLR,New York Airport,2025-05-13,20:15,17:05,20h 50m,2,14018.5,Economy,53,Summer,Tuesday,Airbus A380,,1,126414.82
FL100013,Thai Airways,Bangkok,Dubai,2025-03-16,00:35,7:48 AM,7h 14m,0,5250.1,Economy,35,Summer,Sunday,Airbus A320,Third-Party,6,43489.72
FL165636,Emirates,New York Airport,Doha,2025-10-13,2:40 PM,4:59 AM,14h 19m,0,10779.6 km,Economy,,Autumn,Monday,Airbus A350,Mobile App,4,83249.62
FL197313,Etihad Airways,Doha,MAA,2026-06-08,8:55 PM,03:15,,1,3419.8,Economy,10,Monsoon,Monday,,Travel Agent,1,33231.89
FL164625,Air India,DOH,Kolkata,2026-12-26,22:00,03:35,5.59,0,3968.7,Business,,Winter,Saturday,Airbus A350,Website,2,200000
FL134960,Thai Airways,SYD,London,2026-03-22,17:20,5:11 PM,23h 52m,0,18224.5,Business,15,Summer,Sunday,Boeing 777,Website,1,200000
FL112923,Singapore Airlines,LHR,Mumbai Airport,2025-10-24,,03:56,10.44,non-stop,7753.4,Economy,9,Autumn,Friday,Airbus A320,Website,3,83516.29
FL185683,Lufthansa,London Airport,Frankfurt,2026-08-10,09:15,11:47,2h 32m,,661.5,Economy,83,Monsoon,,Airbus A350,Mobile App,1,15000
FL161616,British Airways,Doha,Singapore,2025-11-30,13:00,21:40,8h 41m,0,6378.7 km,Premium Economy,12,Autumn,Sunday,Boeing 777,Website,1,146263.79
FL129058,Emirates,Jaipur,Doha,2025-07-24,19:15,00:48,5h 34m,1 stop,2598.1,Premium Economy,36,Monsoon,Thursday,Boeing 777,Travel Agent,1,41078.26
FL153936,BRITISH AIRWAYS,Singapore,London,2026-06-20,11:45,02:47,15h 02m,0,11340.4,Economy,27,,Saturday,Boeing 777,Website,1,113819.21
FL128399,SpiceJet,Ahmedabad,Goa Airport,2025-12-19,10:05 PM,23:43,1.64,0,891.5,Business,0,Winter,Friday,ATR 72,Website,2,25000
FL117482,Singapore Airlines,New York,Goa,2026-08-15,02:35,20:47,18h 13m,1,12961.5,Economy,3,Monsoon,Saturday,Airbus A320,Website,2,200000
FL197838,Singapore Airlines,DXB,Frankfurt Airport,2026-07-11,12:10,8:14 PM,485 min,1 stop,5047.2,First,1,Monsoon,Saturday,Boeing 787 Dreamliner,Website,2,200000
FL194911,British Airways,Pune,London,2025-05-07,4:05 AM,16:09,725 min,1 stop,7861.0,Economy,6,Summer,Wednesday,Boeing 787 Dreamliner,Mobile App,2,127467.98
FL162861,Vistara,Hyderabad,Delhi,2026-12-25,23:40,3:15 AM,215 min,1,1312.3,Economy,100,Winter,Friday,Boeing 737,Mobile App,1,5479.51
FL145992,SpiceJet,Ahmedabad,Kolkata,2025-06-05,4:05 PM,6:47 PM,2h 42m,0,,Economy,89,Monsoon,Thursday,ATR 72,Mobile App,3,8817.24
FL133057,Indigo,Chennai,Pune,2025-06-29,00:25,,209 min,1,938.8,Economy,22,Monsoon,Sunday,Boeing 737,Mobile App,3,3056.87
FL137995,Air India,Frankfurt,Kolkata,2025-11-04,5:50 PM,07:58,14.15,2,7902.1,Economy,160,Autumn,Tuesday,Airbus A320,Mobile App,4,35536.97
FL191740,GoFirst,Bangalore,Chennai,,9:20 AM,10:12 AM,0h 53m,0,297.7,Economy,64,Summer,Wednesday,Airbus A320,Third-Party,4,
FL158870,Emirates,,London,,00:10,1:20 PM,13h 10m,2,7685.3,Economy,9,Winter,Sunday,Airbus A380,Website,1,102303.48
FL158306,Qatar Airways,Pune,,2025-01-18,09:20,14:41,5h 22m,0,3790.8,Premium Economy,13,,Saturday,Airbus A320,Third-Party,1,71303.54
FL130897,Emirates,Mumbai,Bangkok Airport,2025-07-13,,23:31,5h 31m,1 stop,3079.7,Business,19,Monsoon,Sunday,Boeing 787 Dreamliner,Mobile App,3,105239.44
FL134319,Emirates,New York,Goa,2025-07-27,14:25,10:18,1193 min,1 stop,13955.0,Economy,42,Monsoon,Sunday,Boeing 777,Website,3,
FL104239,Air India,Sydney,Hyderabad,2026-08-24,23:10,12:05,12h 56m,0,9695.5,Economy,27,Monsoon,Monday,Airbus A350,Website,2,
FL129289,Qatar Airways,Dubai Airport,Ahmedabad,2026-08-12,18:00,22:28,4h 28m,1,1783.3,Economy,9,Monsoon,Wednesday,Airbus A350,Third-Party,3,20651.67
FL175696,Air India,Frankfurt Airport,,2026-04-02,09:15,1:27 AM,16h 12m,1,11072.4,Economy,133,Summer,Thursday,Airbus A350,Travel Agent,2,71414.55
FL156204,,Pune,Jaipur Airport,2026-02-11,15:10,6:45 PM,3h 35m,1 stop,1028.1,Business,36,Winter,Wednesday,Boeing 737,Website,two,12742.83
FL121465,SINGAPORE AIRLINES,Doha,Bangkok,2026-01-19,,9:27 PM,8h 57m,1,5591.7,Business,0,Winter,Monday,Airbus A350,Third-Party,1,200000
FL167797,Emirates,Jaipur,DXB,2026-05-30,9:35 AM,12:51 PM,3h 17m,non-stop,2165.1,Business,20,Summer,Saturday,Airbus A380,Third-Party,1,93130.81
FL135950,gofirst,Hyderabad,Kolkata Airport,,16:00,7:20 PM,3.35,1,1218.1,Economy,44,Monsoon,Monday,ATR 72,Mobile App,,"Rs. 3,995.91"
FL183644,Thai Airways,Sydney,BLR,2025-03-29,10:15 AM,00:34,14.33,1,9573.5,Economy,98,Summer,Saturday,Airbus A350,Third-Party,1,113220.7
FL126992,Vistara,Delhi Airport,CCU,2025-10-22,19:40,00:09,269 min,2 stops,1343.6,Economy,14,Autumn,Wednesday,Airbus A321,Website,1,6740.02
FL147025,,London,DXB,2026-11-22,3:50 AM,11:41,472 min,non-stop,5739.5,,21,,Sunday,Boeing 777,Website,one,68952.76
FL152143,lufthansa,FRA,London,2026-12-13,19:30,23:41,4h 12m,2,685.1,Premium Economy,103,Winter,Sunday,Airbus A350,Website,1,15000
FL147201,Singapore Airlines,Sydney Airport,,2025-02-12,10:05,8:10 PM,10.09,1 stop,6349.4,Premium Economy,41,Winter,Wednesday,Boeing 787 Dreamliner,Third-Party,1,"Rs. 114,586.74"
FL102225,Air India,Kolkata,Pune Airport,2025-10-11,10:05 PM,12:45 AM,2h 41m,0,1700.6,Economy,55,Autumn,Saturday,Airbus A321,Mobile App,6,8843.38
FL124633,Singapore Airlines,Sydney,Kolkata,2026-08-16,14:55,5:23 AM,14h 29m,1 stop,9635.8,Economy,11,Monsoon,Sunday,Boeing 787 Dreamliner,Website,6,147717.6
FL109107,Singapore Airlines,New York,AMD,2025-05-25,01:45,6:08 PM,16h 23m,non-stop,12391.3,,117,Summer,Sunday,Airbus A320,Mobile App,1,200000
FL106112,Emirates,JAI,Singapore,2025-10-01,06:40,13:47,7h 08m,1 stop,4262.9,,7,Autumn,Wednesday,Boeing 787 Dreamliner,Third-Party,2,54066.51
FL104466,Vistara,Goa Airport,CCU,2026-10-01,11:40 PM,05:42,6.05,2,1772.4,Premium Economy,3,Autumn,Thursday,Airbus A321,Mobile App,2,18625.6
FL146878,Indigo,,Hyderabad,2026-05-15,,8:05 AM,2h 56m,1 stop,521.1,Economy,6,Summer,Friday,Boeing 737,Website,2,4657.89
FL157405,Etihad Airways,LHR,Pune,,03:00,3:47 PM,12h 47m,2 stops,7329.9,Premium Economy,144,Summer,Thursday,Airbus A350,Website,5,92843.17
FL173804,Qatar Airways,,Delhi,2026-11-29,00:55,6:45 PM,1071 min,1 stop,12205.8,Premium Economy,2,Autumn,Sunday,,Travel Agent,2,200000
FL171315,Lufthansa,Doha,Ahmedabad,2026-01-19,12:45 AM,4:07 AM,3h 22m,0,2236.8,Economy,0,Winter,Monday,Airbus A320,Website,4,32406.54
FL173741,Thai Airways,Singapore Airport,Bangalore,2025-07-24,1:30 PM,18:03,4h 34m,0,3168.4,Economy,33,Monsoon,Thursday,Airbus A320,Travel Agent,2,33210.74
FL156153,Singapore Airlines,,Singapore Airport,2025-11-08,16:20,23:46,7h 27m,1 stop,4085.5,Economy,11,Autumn,Saturday,Boeing 777,Mobile App,1,
FL128090,Etihad Airways,Dubai Airport,New York Airport,2026-10-04,08:15,01:11,1017 min,1 stop,11569.7,Premium Economy,14,Autumn,Sunday,Airbus A380,Mobile App,1,
FL122820,Qatar Airways,Doha,Chennai,,23:20,4:05 AM,4h 45m,non-stop,3316.0,Economy,25,Monsoon,Thursday,Airbus A350,Website,,36312.92
FL149029,Qatar Airways,Mumbai,Singapore,2026-07-06,22:55,4:26 AM,,0,3915.6,,38,Monsoon,Monday,Boeing 777,Travel Agent,1,42342.48
FL119454,AirAsia India,Pune,Chennai,2025-01-19,02:40,4:21 AM,1.69,0,927.3,Economy,,,Sunday,Airbus A321,Mobile App,2,7240.56
FL196289,AirAsia India,Bangalore,Mumbai,2026-12-11,8:05 PM,11:18 PM,,1 stop,,Business,,Winter,Friday,Airbus A321,Mobile App,2,10428.67
FL166833,GoFirst,,Delhi,2026-04-30,,09:47,3h 58m,1,1606.5,Business,6,,Thursday,Boeing 737,Third-Party,2,25000
FL137166,Lufthansa,Sydney,Frankfurt,2026-06-17,05:45,5:55 AM,1450 min,2,16557.4 km,Premium Economy,19,Monsoon,Wednesday,Airbus A320,Mobile App,3,135826.15
FL104518,Emirates,Singapore Airport,Pune,2025-01-09,13:45,20:55,7h 11m,,3840.9,Economy,2,Winter,Thursday,Airbus A320,Mobile App,1,67593.12
FL102108,Air India,Singapore,Delhi,2025-01-15,17:40,11:30 PM,5h 51m,0,4172.5,,4,Winter,Wednesday,Airbus A380,Website,2,97268.54
FL171250,Thai Airways,Bangkok Airport,Dubai,2025-03-06,11:55,18:54,7h 00m,0,5068.1,Economy,32,Summer,Thursday,,Third-Party,2,72761.49
FL141273,SpiceJet,Ahmedabad,Chennai,2026-06-17,07:30,13:11,5h 41m,2,1419.6,Economy,122,Monsoon,Wednesday,Airbus A320,Website,2,3300.31
FL152039,QATAR AIRWAYS,Bangkok Airport,GOI,2025-10-25,15:25,9:13 PM,5h 49m,1 stop,3011.1,Premium Economy,143,Autumn,Saturday,Airbus A350,Third-Party,1,35367.88
FL103724,British Airways,Doha,Hyderabad,,09:30,13:58,4h 29m,0,3101.0,Economy,18,Monsoon,Thursday,Airbus A380,Travel Agent,4,31002.89
FL124734,SpiceJet,Delhi,Bangalore,2025-03-28,8:30 PM,00:27,3h 58m,1,1790.0,Economy,40,Summer,Friday,ATR 72,Airport Counter,2,
FL133795,VISTARA,Hyderabad,Singapore,2026-08-22,2:25 AM,08:59,6h 34m,1,3422.1,Business,66,Monsoon,Saturday,Airbus A350,,1,69504.29
FL185466,Lufthansa,Chennai,London,2026-06-08,11:40 PM,12:40,780 min,1 stop,8532.9,Economy,15,Monsoon,Monday,Airbus A320,Website,1,75196.38
FL144969,Singapore Airlines,DXB,Ahmedabad,2026-05-03,22:15,01:04,2h 49m,,1811.4,Business,3,Summer,Sunday,Airbus A350,Travel Agent,2,106015.54
FL188386,ETIHAD AIRWAYS,Sydney,Pune,2026-01-14,10:10 AM,02:38,16h 28m,,10305.5,Economy,29,Winter,Wednesday,Boeing 777,Website,2,76732.33
FL190853,Vistara,Bangalore Airport,Kolkata,2025-10-31,23:55,02:32,2h 38m,,1660.9,Economy,14,Autumn,Friday,Airbus A321,Mobile App,1,
FL131284,Etihad Airways,HYD,New York,2026-10-24,17:35,12:28 PM,18h 54m,1,13135.0,Economy,14,Autumn,,Airbus A380,Mobile App,1,170296.55
FL153267,airasia india,Hyderabad,Mumbai,2025-11-20,11:25 PM,12:44 AM,1h 20m,0,648.3,Business,3,Autumn,Thursday,Airbus A320,Website,,17080.88
FL122979,BRITISH AIRWAYS,Dubai Airport,Delhi,2025-04-29,04:35,09:24,4h 49m,1,2359.9,Economy,0,Summer,Tuesday,Boeing 777,Third-Party,2,37393.58
FL172936,Thai Airways,Kolkata,JFK,2025-01-16,9:40 PM,4:45 PM,19h 05m,1 stop,13607.4,Premium Economy,62,Winter,Thursday,Airbus A350,Website,2,189044.14
FL125083,Lufthansa,Doha,Chennai,2026-01-15,09:15,14:14,5h 00m,non-stop,3506.4,Economy,26,,Thursday,Airbus A380,Travel Agent,1,43690.62
FL142073,Lufthansa,Frankfurt,Bangalore,2026-01-05,20:05,9:26 AM,13h 22m,2 stops,7994.9,Economy,18,Winter,Monday,Airbus A350,Website,2,66269.02
FL117191,GoFirst,Mumbai,Goa,2025-07-13,04:30,05:34,1h 05m,non-stop,454.3,Economy,0,Monsoon,Sunday,Airbus A320,Website,1,
FL159130,Indigo,Mumbai,Hyderabad,2026-11-22,,16:25,1h 21m,,659.6,Economy,176,Autumn,Sunday,,Third-Party,1,2711.95
FL196202,British Airways,Frankfurt Airport,Sydney Airport,2025-08-22,15:30,15:10,1421 min,1,16822.1,Economy,112,Monsoon,Friday,Airbus A350,Mobile App,6,161776.84
FL153358,etihad airways,London,Jaipur,2025-11-05,23:45,10:10 AM,625 min,1,6779.4,Business,6,Autumn,Wednesday,Airbus A320,Airport Counter,1,"Rs. 200,000.00"
FL178639,Qatar Airways,DEL,Bangkok,2026-01-04,3:10 AM,07:39,4h 29m,0,3108.2,Premium Economy,29,Winter,Sunday,Airbus A350,Website,2,77788.53
FL130266,Air India,Hyderabad Airport,Doha Airport,2025-06-19,06:50,11:11 AM,4.37,non-stop,3015.4,First,66,Monsoon,Thursday,Boeing 787 Dreamliner,Mobile App,one,
FL127312,Lufthansa,FRA,New York Airport,2025-06-03,13:45,23:24,9h 40m,1,6245.8,Economy,27,Monsoon,Tuesday,Boeing 787 Dreamliner,Travel Agent,4,61851.95
FL191825,Etihad Airways,Doha,Bangkok,2026-11-22,10:00,17:20,7.35,non-stop,5341.1,Economy,10,,Sunday,Airbus A350,Website,1,83709.99
FL127440,Lufthansa,New York,Ahmedabad,2025-09-28,2:20 PM,08:46,18h 27m,1,12738.3,Premium Economy,6,Monsoon,Sunday,Airbus A380,Mobile App,4,200000
FL182093,British Airways,FRA,,2025-01-19,16:15,3:26 AM,672 min,1,6990.1,Economy,154,Winter,Sunday,Airbus A350,Travel Agent,2,58671.42
FL117048,,Bangkok,London,2026-08-19,8:35 PM,1:23 PM,16h 48m,2 stops,10054.3,Premium Economy,33,Monsoon,Wednesday,Airbus A350,Third-Party,2,111938.29
FL166995,GoFirst,Delhi,Kolkata,2025-01-18,4:05 AM,6:15 AM,2h 11m,0,1312.9,Business,0,Winter,Saturday,Airbus A320,Travel Agent,2,25000
FL184584,Singapore Airlines,London,DEL,2026-03-06,03:00,1:58 PM,10h 59m,1,7211.2,Economy,15,Summer,Friday,Boeing 787 Dreamliner,Mobile App,1,93913.96
FL175301,Singapore Airlines,PNQ,Doha,2025-12-03,5:20 AM,10:45 AM,5h 26m,1,2544.0,Economy,41,Winter,Wednesday,Boeing 777,Mobile App,1,25401.79
FL132473,Air India,Chennai Airport,Frankfurt,2026-04-14,09:25,8:20 PM,,0,8130.7,Premium Economy,22,Summer,Tuesday,Airbus A350,Travel Agent,6,87172.69
FL109449,Singapore Airlines,Doha,FRA,2026-11-22,13:35,8:03 PM,389 min,0,4665.6,Economy,139,Autumn,Sunday,Airbus A350,Third-Party,3,45481.17
FL191045,AirAsia India,JAI,CCU,2025-11-19,12:35,2:50 PM,2.26,non-stop,,Economy,50,Autumn,Wednesday,Boeing 737,Mobile App,two,4585.96
FL129060,Lufthansa,Frankfurt,HYD,2025-02-10,21:55,9:22 AM,11.45,1,7608.0,First,11,Winter,Monday,Boeing 777,Travel Agent,2,200000
FL100246,Thai Airways,Kolkata,New York,2026-06-01,10:50,6:12 AM,,1 stop,13506.5,Economy,20,Monsoon,Monday,Boeing 777,Mobile App,2,172396.79
FL127790,Thai Airways,,Dubai,2026-07-18,05:55,09:11,3h 17m,non-stop,2166.0,Economy,28,Monsoon,Saturday,,Travel Agent,2,30547.32
FL128805,GoFirst,Kolkata,Bangalore,2025-06-20,07:00,9:36 AM,2h 37m,0,1646.9,Business,0,Monsoon,Friday,ATR 72,Mobile App,2,25000
FL105400,Emirates,Bangalore,London Airport,2025-11-25,8:30 AM,22:36,14h 06m,2 stops,8130.7,Economy,39,Autumn,Tuesday,Airbus A320,,1,64450.81
FL169456,Thai Airways,Sydney Airport,Doha,2026-09-26,7:10 PM,13:44,18h 34m,1,12833.3,Economy,36,Monsoon,Saturday,Boeing 777,Mobile App,2,114308.7
FL103987,VISTARA,Bangkok,Bangalore,2025-11-27,14:05,5:57 PM,3h 53m,0,2632.7,Economy,4,Autumn,Thursday,,Website,1,20136.74
FL155546,spicejet,Delhi,PNQ,,3:20 AM,06:22,183 min,1 stop,1205.4,Premium Economy,42,Monsoon,Tuesday,Airbus A321,Airport Counter,2,
FL194114,Vistara,Chennai Airport,AMD,2025-12-21,12:55,15:12,,0,1399.9,Economy,12,Winter,,Boeing 737,,1,7802.12
FL135375,Singapore Airlines,HYD,London Airport,2026-04-21,12:25 PM,12:22 AM,11h 58m,1,8017.9,Economy,21,Summer,Tuesday,Airbus A380,Third-Party,2,59557.39
FL147688,Qatar Airways,GOI,Dubai Airport,2025-12-20,17:15,9:55 PM,4h 41m,1 stop,2222.1,Business,19,Winter,Saturday,Airbus A380,Mobile App,2,70237.98
FL104738,,Kolkata Airport,Singapore Airport,2026-12-28,11:10 PM,4:46 AM,5h 36m,1 stop,2991.8,Economy,70,Winter,Monday,Airbus A350,Mobile App,1,27450.79
FL161250,Lufthansa,Pune,Sydney Airport,2026-08-10,09:30,12:56 AM,15.43,1,10576.4,Premium Economy,4,,,Airbus A320,Mobile App,4,200000
FL103618,Indigo,Ahmedabad Airport,Goa,2025-01-08,04:25,7:14 AM,2h 50m,1 stop,904.5,Economy,6,Winter,Wednesday,Airbus A321,Website,1,4467.25
FL170722,SpiceJet,MAA,Delhi Airport,2026-10-01,4:35 AM,8:44 AM,4h 10m,1,1879.5,Premium Economy,13,Autumn,,Airbus A320,Third-Party,4,"Rs. 13,345.73"
FL138811,Thai Airways,Doha,Dubai Airport,2025-04-15,,9:09 PM,2.57,1,406.0,Business,2,Summer,Tuesday,Airbus A320,Website,1,24873.56
FL170297,Lufthansa,Singapore,Sydney,2026-02-12,10:55,19:56,9.02,0,6646.6,Economy,24,Winter,Thursday,Airbus A380,Website,,59419.74
FL102228,Vistara,Pune Airport,New York,2026-06-04,08:25,01:38,17h 14m,0,13048.3,Economy,67,Monsoon,Thursday,Boeing 777,Mobile App,2,107040.57
FL112017,Air India,Doha,Mumbai Airport,2026-05-17,14:45,19:28,4h 44m,1,2432.1,Economy,35,Summer,Sunday,Boeing 787 Dreamliner,Mobile App,2,18816.62
FL187293,GoFirst,Mumbai Airport,AMD,2025-04-23,22:55,,2h 04m,1 stop,442.0,Economy,179,Summer,Wednesday,ATR 72,Travel Agent,,2035.45
FL105017,LUFTHANSA,Bangkok,Sydney Airport,2026-10-26,12:30 PM,00:09,11h 40m,1,7803.1,Economy,178,Autumn,Monday,Airbus A320,Website,3,58530.95
FL171685,Emirates,Ahmedabad Airport,,2026-12-24,8:50 PM,,14h 12m,non-stop,10681.8,Premium Economy,36,Winter,Thursday,Airbus A380,Travel Agent,5,179492.73
FL149358,Lufthansa,Doha,SIN,2025-07-22,13:05,23:18,10h 13m,1 stop,,Premium Economy,10,Monsoon,Tuesday,Airbus A380,Travel Agent,two,94058.51
FL166035,Air India,Doha,Singapore,2025-12-05,,03:50,9h 00m,non-stop,6635.7,Premium Economy,,Winter,Friday,Airbus A320,Mobile App,1,81880.02
FL173586,Etihad Airways,,Frankfurt Airport,2026-04-16,4:55 PM,02:38,9.73,1 stop,6376.9,Business,18,Summer,Thursday,Boeing 777,Travel Agent,1,200000
FL143501,Qatar Airways,Pune Airport,Frankfurt,2026-02-15,04:20,1:51 PM,9h 31m,0,7033.2,Economy,24,Winter,Sunday,Airbus A350,Mobile App,4,79882.92
FL161946,Singapore Airlines,Sydney Airport,New York,2026-07-06,4:30 PM,4:50 PM,24h 21m,2,16105.1,Economy,13,Monsoon,Monday,Boeing 777,Third-Party,5,192100.62
FL147910,British Airways,Dubai,Jaipur Airport,2026-03-23,7:25 PM,10:34 PM,3h 09m,non-stop,2067.8,Economy,15,Summer,Monday,Boeing 777,Mobile App,1,30014.74
FL173018,Singapore Airlines,CCU,Doha,2026-01-29,11:50 PM,6:52 AM,7h 02m,1 stop,3891.5,Economy,31,Winter,Thursday,,Third-Party,2,48494.96
FL163890,Etihad Airways,Doha,,2026-09-16,10:30 AM,20:39,10h 09m,1 stop,6257.4,Economy,167,Monsoon,Wednesday,Airbus A350,Travel Agent,3,52223.61
FL126732,British Airways,Frankfurt,Pune,2025-11-19,1:15 PM,10:31 PM,9h 16m,non-stop,6842.0,First,4,Autumn,,Boeing 777,Mobile App,2,200000
FL139663,AirAsia India,MAA,Pune,2025-04-26,11:35,2:21 PM,2.78,,979.7,Economy,0,Summer,Saturday,Airbus A320,Website,1,8635.93
FL124338,AirAsia India,Pune,Kolkata,2026-01-12,23:40,02:17,157 min,0,1657.1,Premium Economy,36,Winter,Monday,Airbus A320,Website,1,14292.59
FL145037,Etihad Airways,Sydney,Frankfurt,2025-05-26,10:20,,22h 33m,0,17201.5,First,21 days,Summer,Monday,Boeing 787 Dreamliner,Travel Agent,3,
FL125977,AirAsia India,Pune,Kolkata,2026-02-25,11:25 AM,1:56 PM,2.52,0,1576.9,Premium Economy,18,Winter,Wednesday,ATR 72,,,15674.94
FL103202,,Pune Airport,Mumbai,2025-09-14,6:15 AM,8:33 AM,2.30,1,150,First,11,Monsoon,Sunday,Boeing 737,Third-Party,2,3454.73
FL123944,Air India,New York Airport,Sydney,2026-10-26,11:40 AM,10:35,22h 56m,1,16290.7,Premium Economy,80,Autumn,Monday,Airbus A380,Mobile App,1,200000
FL129211,Singapore Airlines,GOI,London Airport,2026-02-07,7:35 AM,,13h 23m,,8008.4,Economy,,Winter,Saturday,Airbus A350,Airport Counter,5,139642.07
FL166554,Vistara,Ahmedabad,Kolkata Airport,2026-08-08,,12:50 PM,4h 10m,1,1746.8,Economy,26,Monsoon,Saturday,Boeing 737,Mobile App,,8050.73
FL131131,Thai Airways,DOH,Pune,2025-10-25,5:45 PM,9:23 PM,3.65,0,2454.2,Economy,1,Autumn,Saturday,Boeing 787 Dreamliner,Website,2,53126.64
FL180608,Lufthansa,Dubai,JAI,,05:20,8:34 AM,3h 15m,non-stop,2140.3,Economy,131,Autumn,Friday,Boeing 787 Dreamliner,Mobile App,1,19125.33
FL154238,Indigo,DEL,BOM,2025-05-12,16:15,18:19,125 min,non-stop,1235.0,Business,5,Summer,Monday,Boeing 737,Website,1,25000
FL147633,AirAsia India,Chennai,Hyderabad,2025-07-18,07:35,12:02 PM,4h 28m,2,545.9,Business,19,Monsoon,Friday,Airbus A321,,4,7397.5
FL157390,Etihad Airways,Dubai Airport,Ahmedabad,2025-07-24,10:40,15:13,4.56,1 stop,1813.1,Economy,20,Monsoon,Thursday,Boeing 787 Dreamliner,Mobile App,3,17988.47
FL167449,Vistara,New York,Bangkok,2026-12-05,08:45,05:28,20h 43m,1,14753.7,Economy,55,Winter,,Boeing 777,Website,2,97226.12
FL163480,SpiceJet,,Pune,2025-03-08,16:50,18:00,1h 11m,0,528.1,Economy,2,Summer,Saturday,Airbus A321,Website,,7406.55
FL183114,Emirates,Bangkok,New York,2026-03-29,08:40,05:12,20h 32m,1 stop,14771.2,Economy,6,Summer,Sunday,Boeing 787 Dreamliner,Mobile App,1,200000
FL158719,Thai Airways,SYD,BOM,,3:20 PM,06:35,15.26,1 stop,10442.5,Economy,94,Winter,Tuesday,Boeing 777,Travel Agent,1,80752.75
FL165279,SpiceJet,Ahmedabad,Delhi,2025-11-11,18:30,20:01,1h 31m,0,798.6,Economy,3,Autumn,Tuesday,ATR 72,Mobile App,5,4095.57
FL160027,THAI AIRWAYS,Frankfurt,BKK,2025-01-20,00:15,14:10,13h 55m,1,9138.7,Economy,,Winter,Monday,Airbus A350,Website,1,86230.94
FL104968,Vistara,Ahmedabad,Bangalore,2025-09-15,07:20,12:10,4.84,2 stops,1319.3,Economy,12,Monsoon,Monday,Boeing 737,,1,5417.11
FL103562,EMIRATES,Singapore,Bangalore Airport,2025-04-10,18:55,1:13 AM,379 min,1,3165.9,Business,46,Summer,Thursday,Airbus A320,Mobile App,1,103108.61
FL100731,Thai Airways,Sydney,AMD,2025-11-17,,17:35,14h 26m,0,10864.1,Economy,13,Autumn,Monday,Boeing 777,Website,3,140260.51
FL109231,Lufthansa,Jaipur Airport,Sydney,2025-08-24,22:15,1:10 PM,14h 56m,0,11251.6,Economy,56,,Sunday,Boeing 787 Dreamliner,,1,844908.74
FL133694,,Pune,,2026-05-15,04:45,6:29 AM,1.74,0,965.2,Economy,79,Summer,Friday,Boeing 737,Website,1,5199.48
FL173628,Air India,New York,Goa,2025-10-19,2:35 PM,09:39,19h 05m,1 stop,13327.5,Economy,19,,Sunday,Boeing 787 Dreamliner,,4,103838.17
FL107775,British Airways,,Frankfurt Airport,2025-03-08,,3:53 PM,12.47,,7511.6,Economy,38,Summer,Saturday,Boeing 787 Dreamliner,Third-Party,2,62766.61
FL139231,Vistara,Bangalore,Ahmedabad,2025-08-20,,7:15 AM,2h 05m,non-stop,1241.0,Economy,37,Monsoon,Wednesday,ATR 72,Mobile App,2,
FL118135,Etihad Airways,Frankfurt Airport,Bangkok,2026-08-01,18:40,08:33,13h 53m,1 stop,9455.2,Premium Economy,10,Monsoon,Saturday,Airbus A320,Mobile App,3,179994.8
FL151580,,Bangkok Airport,New York,2025-08-15,13:30,08:15,1126 min,0,14247.4,First,17,Monsoon,Friday,Airbus A350,Website,1,200000
FL109980,Air India,Hyderabad Airport,London,2025-04-09,19:55,09:17,13h 22m,2 stops,7941.5,Economy,14,Summer,Wednesday,Airbus A320,Website,3,70441.27
FL164116,Etihad Airways,Ahmedabad,Frankfurt Airport,,6:00 PM,04:32,10.55,1,6589.7,Economy,,Summer,Sunday,Airbus A320,Third-Party,3,98644.23
FL100071,Etihad Airways,Mumbai,Dubai,2025-09-01,2:45 PM,17:54,3h 09m,0,2070.8,Economy,11,Monsoon,Monday,Boeing 787 Dreamliner,Travel Agent,3,24753.71
FL181406,SPICEJET,Ahmedabad,Pune Airport,2025-12-04,08:50,10:01 AM,1h 12m,0,540.8,Economy,29,Winter,Thursday,ATR 72,Website,2,2136.89
FL179795,Emirates,Frankfurt,Jaipur,2026-10-10,22:10,7:56 AM,9h 47m,,6371.1,Economy,0,Autumn,Saturday,Airbus A380,,1,141818.25
FL176421,British Airways,Frankfurt Airport,Bangkok,2026-04-12,21:35,11:12,13h 38m,1 stop,9057.5,Premium Economy,11,Summer,Sunday,Boeing 777,Website,4,143342.76
FL184844,GoFirst,Chennai Airport,Hyderabad Airport,,19:35,23:51,,2,528.4,Economy,32,Summer,Saturday,ATR 72,Website,1,2000
FL118448,SpiceJet,Mumbai Airport,MAA,2025-08-14,17:10,20:07,2h 58m,1,1060.2,Economy,152,Monsoon,Thursday,Airbus A321,Third-Party,1,4379.92
FL154543,Thai Airways,Bangalore,Frankfurt,,9:25 AM,7:42 PM,10h 18m,0,7642.1,Business,1,Monsoon,Friday,Airbus A380,Travel Agent,1,200000
FL110887,GoFirst,Pune,Delhi,2026-04-21,11:45 AM,13:47,2h 02m,0,1199.6,Economy,10,Summer,,ATR 72,Third-Party,1,5489.96
FL144496,Emirates,Chennai,Frankfurt,2025-03-23,06:35,5:01 PM,10h 27m,0,7755.0,Economy,24,Summer,,Boeing 787 Dreamliner,Travel Agent,4,119717.29
FL187660,Emirates,DXB,Doha,2026-12-26,02:55,03:54,1.00,non-stop,386.4,Economy,23,Winter,Saturday,Boeing 777,Airport Counter,1,15000
FL107584,Vistara,Jaipur,Ahmedabad,2026-10-28,04:30,5:42 AM,,0,553.8,Economy,144,Autumn,Wednesday,ATR 72,Third-Party,3,2362.16
FL159720,,Mumbai,Ahmedabad,2026-07-07,08:45,10:49,2h 05m,1,448.6,Economy,131,Monsoon,Tuesday,ATR 72,Mobile App,2,486.11
FL115995,air india,Chennai,HYD,2026-10-21,21:00,22:11,1h 11m,non-stop,534.4,Economy,41,Autumn,Wednesday,ATR 72,Website,2,2000
FL113755,QATAR AIRWAYS,New York,GOI,2026-12-09,02:40,22:08,19.48,1 stop,13404.4,,32,Winter,Wednesday,Boeing 777,Mobile App,1,196816.97
FL146096,Lufthansa,Doha,Mumbai,2025-01-11,17:15,10:29 PM,5h 15m,1,2449.0,Economy,30,Winter,Saturday,Airbus A350,Airport Counter,1,25564.68
FL183956,Vistara,PNQ,Chennai Airport,2026-08-05,15:25,6:47 PM,202 min,1 stop,922.9,Business,3,Monsoon,,Boeing 737,Website,2,24282.65
FL101945,AirAsia India,Kolkata,Ahmedabad Airport,2026-05-28,23:30,02:06,2.60,0,1639.2,Premium Economy,88,Summer,Thursday,Airbus A320,Mobile App,2,10499.2
FL118229,Indigo,Hyderabad,Goa Airport,2025-05-16,12:40 PM,13:55,1h 15m,non-stop,587.1,Economy,14,Summer,Friday,Boeing 737,Mobile App,1,3732.07
FL158134,British Airways,Sydney,Jaipur,2026-03-14,7:00 AM,21:23,863 min,non-stop,,Economy,35,Summer,Saturday,Boeing 787 Dreamliner,Mobile App,3,111756.52
FL133639,Air India,Sydney,Doha,2025-01-07,05:10,10:24 PM,1034 min,0,13055.5,Economy,6,Winter,Tuesday,Boeing 777,Mobile App,1,182444.53
FL148194,Thai Airways,Doha,Singapore,2025-10-18,15:15,12:05 AM,8h 51m,0,6506.9,Economy,3,Autumn,Saturday,Boeing 777,Travel Agent,1,142186.96
FL188540,,Delhi,SIN,2025-05-08,16:20,10:31 PM,6h 12m,non-stop,4444.5,Economy,19,Summer,Thursday,Boeing 777,Website,2,58243.41
FL187195,Indigo,Bangalore,PNQ,2026-04-30,12:25,4:47 PM,4h 22m,2 stops,755.6,Economy,22,Summer,Thursday,Airbus A321,Mobile App,1,3219.26
FL190011,Etihad Airways,Frankfurt,AMD,2025-04-12,07:45,6:51 PM,11h 06m,2 stops,6656.0,Business,5,Summer,Saturday,Airbus A350,Travel Agent,2,200000
FL173119,SpiceJet,MAA,Pune,,6:45 PM,,1h 43m,0,944.2,Economy,8,Summer,Friday,ATR 72,Mobile App,1,
FL129496,British Airways,FRA,New York,2026-02-19,2:10 PM,00:53,10h 44m,2,6387.4,Economy,30,Winter,Thursday,Airbus A380,Travel Agent,,52730.91
FL175126,Lufthansa,Pune,New York Airport,2026-05-01,02:25,20:38,18.23,1,12946.5,Economy,2,Summer,Friday,Airbus A350,Third-Party,1,200000
FL113650,etihad airways,Dubai,Sydney,2026-07-23,,6:53 PM,,1,12517.6,Economy,39,Monsoon,Thursday,Airbus A380,Website,1,77192.71
FL100855,Singapore Airlines,JAI,Bangkok,2025-01-09,6:50 PM,11:09 PM,259 min,0,2978.5,Economy,81,Winter,Thursday,Boeing 787 Dreamliner,Third-Party,1,29739.23
FL192545,Vistara,LHR,BLR,2025-02-11,4:50 PM,05:56,13h 06m,1 stop,8555.3,Economy,31,Winter,Tuesday,Airbus A380,Travel Agent,2,"Rs. 79,449.26"
FL115624,ETIHAD AIRWAYS,Delhi Airport,Sydney Airport,2025-11-03,11:30 PM,1:27 PM,837 min,0,10492.3,Economy,2,Autumn,Monday,Airbus A350,Website,2,177029.07
FL193045,Emirates,Doha,Mumbai,2026-08-12,01:00,06:14,5h 14m,1,2338.9,Economy,7,Monsoon,Wednesday,Airbus A380,Website,1,
FL123940,Etihad Airways,Doha Airport,Bangalore Airport,2026-04-04,,8:33 AM,6.05,1 stop,3250.1,Business,2,Summer,Saturday,Boeing 787 Dreamliner,Website,2,184730.11
FL150896,Etihad Airways,Bangkok,London,2025-11-04,5:20 AM,20:17,14h 57m,1 stop,10017.0,Economy,35,Autumn,Tuesday,,Website,2,72005.02
FL158303,Etihad Airways,Doha Airport,Delhi,2025-02-04,17:45,21:35,231 min,0,2606.5,Economy,85,Winter,Tuesday,Boeing 777,Travel Agent,3,26491.56
FL181152,Thai Airways,Sydney,JFK,2026-11-06,07:35,5:15 AM,21h 41m,0,16520.7,,30,Autumn,Friday,Boeing 777,Mobile App,4,164919.02
FL160501,GOFIRST,Pune Airport,Kolkata,2025-05-13,7:35 AM,11:55,4h 21m,1,1693.3,Economy,24,,Tuesday,Airbus A320,,1,7049.78
FL136036,SpiceJet,Pune,Goa,2026-05-14,10:15 PM,23:13,,non-stop,367.1,Business,22,Summer,Thursday,Boeing 737,Mobile App,4,7430.28
FL186368,Qatar Airways,SIN,BKK,2025-04-15,7:45 AM,10:12,2h 27m,non-stop,1524.5,Economy,4,Summer,Tuesday,Airbus A350,Website,1,29933.59
FL182167,Lufthansa,Doha,Goa,2026-10-29,6:00 AM,9:55 AM,3.92,0,2667.7,Economy,5,Autumn,Thursday,Airbus A380,Website,2,39326.9
FL110438,,Sydney,Bangalore,2025-09-16,1:05 AM,13:57,12h 53m,0,9655.4,Economy,13,Monsoon,Tuesday,Boeing 787 Dreamliner,Mobile App,2,97892.32
FL123490,Etihad Airways,Bangkok Airport,Doha Airport,2026-10-18,10:30,20:11,582 min,2,5430.9,Economy,13,Autumn,Sunday,Boeing 787 Dreamliner,Third-Party,3,56969.63
FL100592,Emirates,London,Doha,2025-07-28,1:05 PM,20:28,444 min,non-stop,5378.9,Economy,8,Monsoon,Monday,,Website,two,65087.75
FL109318,singapore airlines,Frankfurt,Hyderabad Airport,2025-04-09,03:30,14:51,11h 21m,1 stop,7130.2,Business,19,Summer,Wednesday,Airbus A320,Third-Party,2,200000
FL148944,Qatar Airways,Doha,Kolkata,2026-09-05,,18:40,5h 21m,0,3778.8,Economy,6,Monsoon,Saturday,Airbus A350,Third-Party,1,53531.67
FL123358,SPICEJET,Bangalore,PNQ,2026-09-04,5:40 AM,08:20,2h 40m,1 stop,793.8,Economy,37,Monsoon,Friday,ATR 72,Third-Party,1,3079.2
FL143525,Vistara,Kolkata,Hyderabad,2025-01-16,8:25 AM,10:31 AM,2h 06m,0,1252.7,Economy,19,Winter,Thursday,ATR 72,Mobile App,1,7804.77
FL194569,Lufthansa,DXB,Sydney,2026-03-30,10:45,4:31 AM,1066 min,1,12149.3,Economy,12,Summer,Monday,Boeing 787 Dreamliner,Travel Agent,3,185511.53
FL178896,GoFirst,Pune Airport,HYD,2025-08-11,,,2h 28m,1,505.8,Economy,16,Monsoon,Monday,Airbus A320,Airport Counter,4,2000
FL138850,SpiceJet,,Hyderabad,2025-04-28,7:20 PM,8:30 PM,1h 10m,non-stop,520.4,Economy,33,Summer,Monday,Airbus A320,Travel Agent,3,2918.72
FL170023,Qatar Airways,London,Jaipur,2026-06-19,6:55 PM,5:59 AM,11h 04m,1 stop,6972.9,Economy,11,Monsoon,Friday,Boeing 787 Dreamliner,Travel Agent,1,81479.26
FL147331,SINGAPORE AIRLINES,Delhi,Bangkok,2025-03-22,2:30 PM,18:52,4h 22m,non-stop,3016.1 km,Economy,6,Summer,Saturday,Airbus A350,Travel Agent,2,59021.34
FL104281,Qatar Airways,Dubai,Jaipur,2025-05-04,7:10 AM,10:18,3h 09m,0,,Economy,25 days,Summer,Sunday,Airbus A350,Travel Agent,2,31538.25
FL180208,Emirates,Hyderabad,FRA,2025-02-12,3:15 PM,02:58,11.72,1 stop,7416.5,Economy,44,Winter,Wednesday,Airbus A320,Third-Party,5,97873.78
FL177442,Lufthansa,Sydney,BOM,2025-10-31,,07:55,14h 25m,non-stop,10855.1,First,,Autumn,Friday,,Website,3,200000
FL102979,Etihad Airways,Sydney,Delhi,2026-01-04,17:30,8:50 AM,15h 20m,1,10549.0,Economy,25,Winter,Sunday,Airbus A350,Mobile App,1,135759.03
FL184788,AirAsia India,Mumbai,Bangalore Airport,2026-11-07,14:25,16:02,1h 38m,non-stop,880.9,Premium Economy,36,Autumn,Saturday,Airbus A320,Website,1,
FL111796,,DEL,,2026-03-03,09:15,14:49,335 min,1 stop,2619.0,Economy,14,Summer,Tuesday,,Mobile App,1,31730.06
FL150757,SpiceJet,Kolkata,Bangalore,2025-04-18,8:25 PM,11:04 PM,2h 39m,non-stop,1681.2,Economy,14,Summer,Friday,ATR 72,Mobile App,3,12855.1
FL179969,AirAsia India,BLR,Ahmedabad,2025-07-20,13:40,4:58 PM,3h 19m,1 stop,1264.9,Economy,3,Monsoon,Sunday,ATR 72,Travel Agent,1,11122.69
FL156807,Vistara,Kolkata,Goa,2025-12-22,17:05,7:52 PM,2h 47m,0,1784.0,Economy,34,Winter,Monday,ATR 72,Website,2,8948.63
FL167416,Singapore Airlines,SYD,SIN,2026-04-06,10:15,20:35,10h 20m,1 stop,6796.5,Economy,19,Summer,Monday,Boeing 787 Dreamliner,Website,3,81269.99
FL107745,Lufthansa,Bangalore,Sydney,2025-08-30,6:15 AM,7:54 PM,820 min,1,9399.1,Economy,10,Monsoon,Saturday,Airbus A350,Website,4,78470.68
FL175243,,Bangkok,Sydney,2026-06-10,17:25,5:43 AM,12h 19m,1 stop,7899.4,Premium Economy,5,Monsoon,Wednesday,Airbus A320,Website,,111926.47
FL103559,Qatar Airways,JFK,Doha,2026-12-08,3:55 PM,,16h 39m,1 stop,11199.9,Premium Economy,28,Winter,Tuesday,Airbus A380,Third-Party,1,200000
FL101311,Emirates,Dubai,Doha,2026-05-15,00:35,03:11,2h 37m,1,382.8,Economy,,Summer,Friday,Boeing 787 Dreamliner,Mobile App,2,15000
FL173867,Qatar Airways,Kolkata,Doha,2025-11-19,8:55 AM,2:27 PM,5h 32m,0,3929.1,,,Autumn,Wednesday,Airbus A320,Website,2,
FL176233,GoFirst,Chennai,JAI,2025-10-01,06:30,,2h 37m,0,1656.6,Economy,4,Autumn,Wednesday,Boeing 737,,,11150.18
FL167121,Air India,Jaipur Airport,Doha,2026-02-18,4:05 AM,09:17,5h 13m,1 stop,2546.3,Economy,27,Winter,Wednesday,Airbus A350,Website,1,22459.15
FL111304,Emirates,Singapore,Mumbai,2026-10-29,9:45 PM,05:09,7h 24m,1 stop,4176.5,Economy,27,Autumn,Thursday,Airbus A380,Mobile App,2,
FL135176,Qatar Airways,DOH,Sydney,2026-04-14,17:15,12:12,18h 57m,1 stop,13142.2,Economy,61,Summer,Tuesday,Airbus A350,Mobile App,3,95060.95
FL108580,British Airways,Bangalore,London,2026-01-14,1:35 AM,14:06,752 min,1 stop,8498.7,Economy,41,Winter,Wednesday,Airbus A380,Mobile App,5,69217.02
FL129920,AirAsia India,Goa,Mumbai,2026-07-14,3:10 AM,6:30 AM,3h 21m,2,439.2,Economy,1,Monsoon,Tuesday,Boeing 737,Website,2,3600.65
FL148909,Qatar Airways,Dubai Airport,Bangalore,2026-12-22,01:30,07:14,5h 45m,1,2715.2,Premium Economy,4,,Tuesday,Airbus A320,Website,3,50958.96
FL185568,etihad airways,MAA,BKK,2025-06-25,9:45 AM,2:35 PM,4h 51m,1,2218.9,Economy,27,Monsoon,Wednesday,Airbus A380,Travel Agent,1,16953.24
FL119975,GoFirst,Pune Airport,Jaipur Airport,2026-08-30,10:10,1:28 PM,3h 19m,1,992.3,Economy,111,Monsoon,Sunday,Airbus A321,Website,1,5260.39
FL105990,emirates,Singapore,Doha,2025-10-02,20:35,06:34,10h 00m,1,6444.0,,39,Autumn,Thursday,Airbus A380,Third-Party,1,57659.77
FL183335,thai airways,Hyderabad,Dubai,2025-02-27,21:55,03:19,5h 24m,1,,Economy,30,Winter,Thursday,Boeing 777,Third-Party,2,28120.16
FL129366,,Pune Airport,Ahmedabad,2026-10-13,5:15 PM,19:25,2h 10m,1,520.0,Economy,129,Autumn,Tuesday,Airbus A321,Third-Party,1,2142.34
FL187697,Emirates,Goa Airport,Dubai,,12:45 PM,19:00,6h 16m,2,2238.8,Business,144,Summer,Monday,Airbus A350,Website,1,43062.31
FL134231,Indigo,Ahmedabad Airport,Jaipur,2026-08-26,13:25,14:39,1.24,0,576.0,Premium Economy,3,Monsoon,Wednesday,Boeing 737,Website,3,6860.58
FL158196,Emirates,Goa Airport,JFK,2026-05-10,,7:12 AM,1087 min,0,13744.8,Premium Economy,85,Summer,Sunday,Boeing 777,Mobile App,1,200000
FL188200,,JFK,Pune,2026-03-31,8:40 AM,03:17,18h 37m,1 stop,12987.0,Business,8,Summer,Tuesday,Airbus A350,Mobile App,3,200000
FL138706,Lufthansa,Kolkata Airport,Doha,2026-08-06,04:35,13:07,8h 33m,2 stops,3908.0,Premium Economy,39,Monsoon,Thursday,Boeing 777,Airport Counter,one,35011.95
FL129121,Qatar Airways,Goa Airport,Bangkok,2025-08-26,5:55 AM,12:36,6h 41m,2,2947.5,Economy,34,Monsoon,Tuesday,Boeing 787 Dreamliner,Mobile App,3,
FL160509,Qatar Airways,Delhi Airport,SIN,2025-04-01,05:55,11:54 AM,6h 00m,0,4286.3,Business,0,Summer,Tuesday,,Third-Party,1,200000
FL142199,Lufthansa,Jaipur,Sydney,2026-08-05,2:00 PM,04:41,14h 42m,non-stop,11074.4,Premium Economy,26,Monsoon,Wednesday,Boeing 787 Dreamliner,,1,200000
FL172059,Singapore Airlines,GOI,London,2026-06-06,02:10,14:15,12.10,1,8087.7,,82,Monsoon,Saturday,Airbus A320,Mobile App,2,83101.77
FL122246,VISTARA,Goa,Mumbai,2025-02-17,21:55,00:03,2h 09m,1,456.0,Economy,66,Winter,Monday,ATR 72,Third-Party,1,2274.65
FL105545,GoFirst,Kolkata,Goa Airport,,09:50,12:34 PM,2.75,0,1751.1,Economy,21,Winter,Sunday,Airbus A321,Airport Counter,1,8973.21
FL156332,,Sydney,Singapore,2026-03-19,12:10 AM,11:16 AM,11h 07m,2 stops,6530.4,Economy,39,Summer,Thursday,Boeing 787 Dreamliner,Travel Agent,2,56288.67
FL128840,Air India,Hyderabad Airport,Ahmedabad,2026-10-10,7:30 PM,21:11,1.69,,928.0,Business,173,Autumn,Saturday,Airbus A320,Mobile App,1,18274.64
FL167984,Thai Airways,Singapore Airport,Frankfurt,2025-05-09,20:05,1:26 PM,17.36,2 stops,10359.3,Economy,43,,Friday,Airbus A380,Mobile App,4,102909.21
FL171696,Lufthansa,Dubai,Delhi,2025-09-30,9:30 AM,14:49,5h 19m,1,,Economy,31,Monsoon,Tuesday,Boeing 787 Dreamliner,Third-Party,4,28405.01
FL174625,Vistara,AMD,Goa,2026-10-02,00:10,03:26,3h 17m,1,897.3,Economy,8,Autumn,Friday,,Mobile App,3,5984.09
FL107540,GoFirst,Mumbai,Kolkata,2026-05-10,14:55,,162 min,0,1712.5,Economy,23,Summer,Sunday,,Third-Party,2,8695.09
FL178792,Vistara,Ahmedabad,Goa,2025-01-11,16:45,,2h 50m,1,878.8,Economy,31,Winter,Saturday,Airbus A320,Travel Agent,1,3915.24
FL113314,Lufthansa,CCU,Frankfurt,2026-04-29,13:25,1:30 AM,12h 05m,1 stop,7924.3,Business,0,,Wednesday,Airbus A350,Mobile App,1,200000
FL104492,Air India,,Singapore,2025-05-16,19:45,06:15,10h 31m,1,6670.9,Business,18,Summer,Friday,Boeing 787 Dreamliner,Third-Party,1,180268.68
FL145758,Thai Airways,Singapore Airport,Bangkok,2025-08-07,8:05 AM,10:27 AM,2h 23m,0,1468.9,Economy,,Monsoon,Thursday,Boeing 777,Website,,19918.31
FL150615,AirAsia India,Bangalore,Ahmedabad Airport,2025-01-06,18:35,22:24,3h 49m,1 stop,1254.0,Economy,0,,Monday,ATR 72,Website,1,9550.23
FL157003,British Airways,Dubai,BKK,2025-10-16,07:25,2:19 PM,,non-stop,5000.8,First,26,Autumn,Thursday,Boeing 787 Dreamliner,Travel Agent,3,200000
FL149138,Indigo,Pune,DEL,2025-12-07,11:20,15:08,3h 49m,1,1189.5,Economy,26,Winter,Sunday,Boeing 737,Website,,
FL169624,lufthansa,Mumbai,Sydney,2026-09-22,4:10 AM,19:05,14h 56m,1,10325.6,Economy,,Monsoon,Tuesday,Boeing 777,Mobile App,1,200000
FL130398,singapore airlines,LHR,DEL,2026-05-25,2:05 PM,00:54,10h 50m,1,6892.7,Economy,65,Summer,Monday,Airbus A320,Mobile App,1,73823.43
FL111623,BRITISH AIRWAYS,Bangkok,BOM,2025-05-24,06:15,14:14,8h 00m,2,3222.7,Economy,8,Summer,Saturday,Airbus A350,Travel Agent,1,40060.7
FL184907,AirAsia India,Chennai,,2025-06-19,11:00 PM,1:18 AM,2h 18m,0,1404.5,Business,44,Monsoon,Thursday,ATR 72,Mobile App,2,17304.41
FL137157,GoFirst,Ahmedabad,Jaipur Airport,2026-07-06,13:50,16:45,2h 55m,1 stop,556.0,Economy,23,Monsoon,Monday,Boeing 737,Travel Agent,1,2049.74
FL114830,Emirates,Pune Airport,New York,2026-10-27,03:20,21:55,,1,13106.1,First,55,Autumn,Tuesday,Boeing 777,Travel Agent,2,200000
FL138973,Thai Airways,Goa,Frankfurt,2026-10-12,11:20,22:17,10h 58m,1,7151.4,Economy,20,Autumn,Monday,Airbus A350,Mobile App,1,71333.7
FL143056,Etihad Airways,Hyderabad,Sydney,2026-06-11,08:50,01:44,16.91,2,10039.4,Economy,13,Monsoon,Thursday,Airbus A380,Mobile App,1,62599.53
FL143363,Indigo,Bangalore,Chennai,2025-09-09,08:15,09:07,0h 53m,non-stop,,Economy,13,Monsoon,Tuesday,Airbus A321,Website,3,2000
FL114640,vistara,Delhi,Pune,2026-10-19,07:25,9:26 AM,122 min,non-stop,1194.4,,32,Autumn,Monday,Boeing 737,Mobile App,1,8324.01
FL150026,British Airways,,Doha,2025-02-03,22:20,03:25,5.08,1 stop,2719.2,Economy,11,Winter,Monday,,Website,2,25589.63
FL104956,British Airways,Pune,Bangkok,2026-04-06,10:00 PM,2:15 AM,4h 16m,non-stop,2935.4,Economy,16,Summer,,Airbus A380,Website,,30170.66
FL178362,,Bangkok,Chennai,2026-09-22,7:05 AM,11:45,4.67,1,2297.2,Economy,49,Monsoon,Tuesday,Boeing 777,Mobile App,2,15000
FL175692,VISTARA,Bangkok,AMD,2025-10-01,12:45,17:27,4h 43m,0,3283.1,Economy,7,,Wednesday,Boeing 787 Dreamliner,Website,1,36120.19
FL106661,air india,Dubai,Sydney,2026-12-16,22:00,15:37,17.62,1 stop,12347.2,Economy,3,Winter,Wednesday,Boeing 777,Website,1,181902.72
FL100831,,,SYD,2026-10-12,04:50,8:04 PM,15h 14m,1,,Economy,24,Autumn,Monday,Airbus A320,Travel Agent,3,124713.06
FL154060,GoFirst,HYD,BLR,2026-11-23,7:30 AM,8:40 AM,,0,521.4,Economy,,Autumn,Monday,Airbus A320,Website,1,2000
FL157499,,Jaipur,Kolkata,2025-05-24,09:20,11:35,2h 16m,0,1376.7,Premium Economy,10,Summer,Saturday,Airbus A321,Mobile App,1,174.83
FL100895,Lufthansa,Dubai,PNQ,2026-08-05,18:30,11:10 PM,4h 40m,1,2160.2,Economy,144,Monsoon,Wednesday,Airbus A320,Mobile App,3,22705.69
FL118261,Lufthansa,Dubai Airport,Pune,2025-07-12,7:45 AM,13:35,5h 51m,2,2080.0,Business,6,Monsoon,Saturday,Boeing 777,Travel Agent,3,66054.3
FL150588,Emirates,New York Airport,Singapore Airport,2025-08-06,23:40,22:17,22h 37m,1 stop,16323.0,Premium Economy,48,Monsoon,Wednesday,Airbus A380,Website,2,200000
FL190488,SpiceJet,Chennai,Bangalore,2025-09-23,03:30,05:38,2h 09m,1 stop,301.6,Premium Economy,4,Monsoon,Tuesday,ATR 72,Website,2,2701.93
FL167440,Vistara,AMD,Frankfurt,2025-03-12,03:35,12:20,8h 45m,0,6437.3,Economy,5,Summer,Wednesday,Airbus A350,Mobile App,1,70115.96
FL129249,Thai Airways,Sydney Airport,Jaipur,2026-06-26,21:40,14:28,16h 49m,2,10872.8,Economy,180,Monsoon,Friday,Boeing 777,Mobile App,4,101775.51
FL148421,Etihad Airways,New York,Frankfurt,2025-04-28,00:05,8:37 AM,,non-stop,6270.7,Premium Economy,148,Summer,Monday,Boeing 787 Dreamliner,Mobile App,4,128915.3
FL105111,AirAsia India,Pune,AMD,2026-12-20,23:50,2:37 AM,2h 48m,1,523.4,Business,41,Winter,Sunday,Airbus A321,Website,1,6669.4
FL195467,British Airways,Sydney,Bangalore,2025-06-23,05:15,,12h 37m,non-stop,9455.4,Business,10,Monsoon,Monday,Airbus A350,Travel Agent,4,200000
FL197110,Qatar Airways,Mumbai,Doha,2025-07-30,,14:50,216 min,0,2414.2,Economy,44,Monsoon,Wednesday,Airbus A350,Website,2,27626.58
FL173406,,Mumbai Airport,,2026-12-08,13:15,03:05,13h 50m,0,10403.5,Economy,37,Winter,Tuesday,Boeing 777,,3,116859.27
FL142873,emirates,Sydney,Dubai,2026-02-13,7:35 AM,1:56 AM,18h 21m,1,12685.3,Economy,9,Winter,Friday,Boeing 787 Dreamliner,Travel Agent,4,146145.97
FL143210,Indigo,Kolkata,Pune,2026-11-27,3:15 AM,5:52 AM,158 min,non-stop,1658.5,Economy,10,Autumn,Friday,Airbus A321,Website,1,8090.73
FL160610,Thai Airways,Singapore,Goa Airport,2026-06-11,17:40,00:32,6h 53m,1,3736.7,Economy,2,Monsoon,,Boeing 777,Travel Agent,2,46465.84
FL152688,British Airways,Bangalore,Bangkok Airport,2026-10-25,9:20 AM,1:11 PM,3h 51m,non-stop,2617.8,First,43,Autumn,Sunday,Airbus A380,Website,1,146833.81
FL163637,Emirates,Dubai,Kolkata,2026-06-26,19:05,2:55 AM,471 min,2,3523.3,Economy,14,Monsoon,Friday,Boeing 777,Travel Agent,1,
FL155735,Emirates,Singapore,Bangkok Airport,2025-07-03,11:40 AM,14:05,2h 25m,0,1495.4,Premium Economy,2 days,Monsoon,Thursday,Boeing 777,Travel Agent,,40415.4
FL129697,Air India,DOH,London,2026-08-29,10:15,19:04,530 min,1,,Economy,5,Monsoon,Saturday,Boeing 777,Website,,69338.35
FL110697,SINGAPORE AIRLINES,Pune,Dubai,2025-05-13,6:00 AM,09:15,3.26,0,2149.8,Economy,1,Summer,Tuesday,,Travel Agent,1,53611.42
FL114362,Qatar Airways,New York,Sydney,2025-05-27,10:25,8:55 AM,22h 30m,non-stop,17162.1,Economy,9,Summer,Tuesday,Boeing 777,Website,6,200000
FL186923,Lufthansa,BOM,Singapore,2025-01-31,8:40 PM,02:20,5h 41m,0,4042.0,Economy,10,Winter,Friday,Boeing 777,Travel Agent,6,82541.1
FL124021,Etihad Airways,Pune Airport,LHR,2026-02-01,20:20,06:13,9.89,0,7321.6 km,,7,Winter,Sunday,Airbus A350,Website,2,172289.41
FL108847,Emirates,Dubai,HYD,2026-06-03,23:40,,232 min,0,2620.4,Economy,12,Monsoon,Wednesday,Airbus A320,Website,1,39315.84
FL156073,AirAsia India,BOM,Hyderabad,2025-04-22,02:45,04:04,1h 20m,0,648.1,Premium Economy,20,Summer,Tuesday,Airbus A320,Website,1,4171.53
FL116907,Thai Airways,Frankfurt Airport,Bangalore Airport,2026-04-24,08:20,20:16,11h 57m,1,7882.7,First,11,Summer,Friday,Airbus A380,Travel Agent,1,200000
FL187064,etihad airways,Pune,JFK,2025-03-27,06:15,01:20,19h 06m,1,13330.9,Economy,4,Summer,,,Website,1,200000
FL132137,Qatar Airways,Delhi,London,2026-03-02,10:45 AM,21:47,11h 02m,1 stop,7014.0,Premium Economy,113,Summer,Monday,Boeing 787 Dreamliner,Travel Agent,2,83598.57
FL150993,Emirates,Hyderabad,New York,,10:40,04:08,17h 28m,non-stop,13234.6,Economy,21,Winter,Friday,Airbus A350,Third-Party,2,154394.67
FL159981,Indigo,Delhi,PNQ,2025-01-22,20:45,10:50 PM,2h 06m,non-stop,1242.1,Premium Economy,4,Winter,Wednesday,Airbus A321,Website,1,17531.23
FL160214,Vistara,Dubai,Singapore Airport,2026-12-12,17:55,1:54 AM,,0,5845.3,Economy,15,Winter,Saturday,Boeing 787 Dreamliner,Website,1,47327.02
FL112043,British Airways,Frankfurt,Bangalore,2025-10-18,2:35 PM,00:54,620 min,0,7664.1,Economy,130,Autumn,Saturday,Airbus A380,,2,76181.89
FL154534,Singapore Airlines,Sydney,AMD,,7:40 PM,10:22,14h 42m,0,11081.1,Economy,27,Autumn,Wednesday,Boeing 787 Dreamliner,Website,1,87593.3
FL193253,Indigo,Ahmedabad,,2025-06-20,11:35 AM,13:04,1h 30m,0,777.2,Economy,2,Monsoon,Friday,ATR 72,Third-Party,four,6043.01
FL168244,SpiceJet,Kolkata Airport,Jaipur,2025-11-18,20:40,10:55 PM,2.26,0,1373.8,Economy,37,Autumn,Tuesday,Boeing 737,Website,1,"Rs. 5,737.94"
FL195532,Emirates,,LHR,2025-01-18,00:10,01:32,1h 22m,0,681.9,Premium Economy,169,Winter,,Boeing 777,Airport Counter,four,15000
FL121010,Etihad Airways,SYD,Frankfurt Airport,2026-10-10,20:25,8:15 PM,23h 51m,1,16848.6,,69,Autumn,Saturday,Boeing 787 Dreamliner,Travel Agent,1,200000
FL171738,SpiceJet,Kolkata,Goa,2026-03-31,18:40,21:23,2h 43m,0,1733.7,Business,34,Summer,Tuesday,Airbus A320,Airport Counter,2,25000
FL167209,Emirates,London,Doha,2026-02-24,1:55 PM,22:32,8h 37m,1,5517.8,Business,43,Winter,Tuesday,Airbus A350,Mobile App,3,159624.39
FL178640,British Airways,Dubai Airport,PNQ,2026-09-28,10:10 AM,14:25,4h 16m,1 stop,2135.9,Economy,39,Monsoon,Monday,Boeing 787 Dreamliner,Mobile App,3,16544.38
FL194227,Indigo,Delhi,Jaipur,2026-03-24,11:05,,49 min,0,252.8,Premium Economy,6,Summer,Tuesday,Airbus A320,Mobile App,1,2954.61
FL107796,Qatar Airways,Dubai,,2026-10-19,01:45,08:36,6h 52m,non-stop,4965.9,Economy,75,,Monday,Airbus A320,Travel Agent,3,38652.95
FL154725,AirAsia India,,Bangalore,2025-07-09,9:00 PM,21:52,0.88,0,295.9,Premium Economy,9,Monsoon,Wednesday,ATR 72,Mobile App,1,2000
FL186550,Emirates,JFK,CCU,2026-08-09,04:30,,19h 03m,1,13402.3 km,Economy,17,Monsoon,Sunday,Airbus A380,Website,2,137684.08
FL116548,Etihad Airways,London,New York,2026-04-07,11:10,6:58 PM,,0,5702.2,Economy,13,Summer,Tuesday,Airbus A380,Website,1,88595.88
FL194619,Etihad Airways,New York,Sydney,2026-07-15,10:00 AM,09:50,23h 50m,2 stops,16374.4,Economy,1,Monsoon,Wednesday,Boeing 777,Website,4,200000
FL180112,Vistara,AMD,Delhi Airport,2025-08-03,09:10,10:41,,0,800.5,First,14,Monsoon,,Airbus A320,Airport Counter,1,19556.36
FL182873,Air India,,Kolkata,2025-09-10,09:50,12:07 PM,2h 17m,0,1396.0,Business,171,Monsoon,Wednesday,Airbus A321,Mobile App,2,
FL163509,Thai Airways,Sydney Airport,Frankfurt,,5:50 AM,6:42 AM,24h 53m,2 stops,17024.5,Economy,44,Summer,Saturday,Boeing 787 Dreamliner,Mobile App,2,129091.28
FL167687,Etihad Airways,PNQ,Sydney,,15:15,6:44 AM,15h 30m,1,,Economy,18,Monsoon,Sunday,Airbus A380,Website,2,146545.8
FL197043,Qatar Airways,,Pune,2026-05-03,9:05 PM,08:55,11h 51m,,7484.9,Economy,73,Summer,Sunday,Airbus A380,Website,1,68291.45
FL140454,GoFirst,Jaipur,Mumbai Airport,2025-03-22,17:20,8:40 PM,3h 21m,1,991.9,Economy,7,Summer,Saturday,Boeing 737,Website,5,7962.4
FL174652,Emirates,DOH,Frankfurt,2025-03-14,07:05,13:36,6h 32m,0,4701.9 km,Economy,97,Summer,Friday,Boeing 777,Mobile App,1,63040.0
FL178165,,New York,Doha,2026-10-18,22:15,2:32 PM,16h 18m,1 stop,11389.6,Economy,76,Autumn,Sunday,Boeing 777,Mobile App,,118443.61
FL154502,QATAR AIRWAYS,Frankfurt,Goa Airport,2026-11-04,15:30,02:08,,1,7043.5 km,Economy,4,Autumn,Wednesday,,Website,2,99376.43
FL109244,SINGAPORE AIRLINES,Jaipur Airport,Dubai,2026-03-23,07:10,10:28,3h 18m,0,2185.4,Economy,58,Summer,Monday,Airbus A380,Mobile App,4,27245.64
FL111960,Lufthansa,Hyderabad Airport,London Airport,2025-06-29,08:25,20:28,12h 03m,1 stop,8195.1,Economy,41,Monsoon,Sunday,Boeing 787 Dreamliner,Third-Party,1,75817.48
FL160857,Lufthansa,SYD,Jaipur Airport,2026-11-30,11:00,1:26 AM,14h 27m,non-stop,10877.7,,37,Autumn,Monday,Airbus A320,,1,"Rs. 125,260.23"
FL135317,Thai Airways,Pune,Sydney,2025-06-18,1:35 AM,15:55,14h 20m,non-stop,10791.5,,3,Monsoon,Wednesday,Boeing 777,Mobile App,2,200000
FL124900,Etihad Airways,Bangalore,SIN,2025-11-07,6:55 PM,2:51 AM,477 min,2,3308.9,Economy,30,Autumn,Friday,Airbus A320,Website,4,20325.88
FL163908,LUFTHANSA,Dubai,Sydney,2026-01-06,2:50 AM,8:59 PM,18h 10m,1,12743.9,Economy,28,Winter,Tuesday,Boeing 787 Dreamliner,Website,1,"Rs. 117,864.82"
FL151886,GoFirst,Jaipur Airport,GOI,2026-08-06,13:05,4:51 PM,3h 46m,1 stop,1342.6,Premium Economy,3,Monsoon,Thursday,Airbus A320,Mobile App,5,11297.25
FL101321,air india,Doha Airport,New York,2026-02-11,17:55,10:10 AM,16h 15m,1,11443.8,Economy,1,Winter,Wednesday,Airbus A350,Website,four,116462.08
FL137131,British Airways,,Bangalore,2025-02-18,11:20 AM,,757 min,non-stop,9450.2,Economy,34,Winter,Tuesday,Airbus A380,Website,1,106439.18
FL169696,Lufthansa,Chennai,New York,2025-07-22,10:20,04:17,17h 57m,non-stop,13614.6,Premium Economy,3,Monsoon,Tuesday,Airbus A380,Website,2,200000
FL101057,Emirates,HYD,Doha,2025-01-08,,15:57,4h 22m,non-stop,3018.3,Business,5,Winter,Wednesday,Boeing 777,Third-Party,1,161781.91
FL190205,GoFirst,Bangalore,HYD,2026-06-07,3:15 PM,4:25 PM,1h 10m,non-stop,520.6,Economy,7,Monsoon,Sunday,Boeing 737,Travel Agent,4,3804.67
FL167260,air india,Chennai,Jaipur Airport,2026-02-24,21:20,11:57 PM,2h 38m,non-stop,1660.8,Economy,3,Winter,Tuesday,ATR 72,Third-Party,1,16482.62
FL150916,Emirates,Jaipur,,2026-05-16,13:05,07:21,18h 16m,1 stop,12623.1,,38,Summer,Saturday,Airbus A350,Airport Counter,3,132800.63
FL163850,lufthansa,Kolkata,Sydney,2025-01-20,12:15 AM,2:39 PM,14h 24m,1,9680.6,Economy,152,Winter,Monday,Airbus A350,Mobile App,1,112991.11
FL141689,Qatar Airways,Jaipur,Sydney Airport,2026-12-11,09:05,01:36,16h 31m,,11260.7,Economy,2,Winter,Friday,Airbus A380,Mobile App,1,200000
FL111607,Air India,BKK,Sydney,2026-09-29,6:05 PM,4:41 AM,10h 37m,0,7886.0,Economy,14,Monsoon,Tuesday,,Mobile App,4,
FL163209,Emirates,Pune,London,2025-06-15,5:15 PM,3:15 AM,601 min,,7422.2,Business,36,Monsoon,Sunday,Boeing 787 Dreamliner,Third-Party,1,173531.36
FL189883,Air India,Mumbai Airport,Ahmedabad,,02:10,03:14,1h 04m,non-stop,444.4,Economy,11,Summer,Sunday,Airbus A321,Mobile App,3,2878.35
FL148703,Emirates,MAA,,2025-01-10,13:20,17:36,257 min,0,,Economy,1,Winter,Friday,Boeing 787 Dreamliner,Mobile App,1,55882.37
FL154285,Air India,Bangalore Airport,Bangkok,2026-05-03,22:25,04:28,6h 03m,2,2581.7,Economy,7,Summer,Sunday,Airbus A380,Mobile App,1,21176.65
FL186754,thai airways,Doha,,2025-04-09,1:35 PM,18:58,5.38,1 stop,2628.4,Economy,169,Summer,Wednesday,Boeing 787 Dreamliner,Third-Party,2,29133.2
FL181938,Air India,Sydney,BLR,2025-07-16,3:15 PM,05:56,,1,10070.2,Economy,19,Monsoon,Wednesday,Boeing 787 Dreamliner,Third-Party,1,87994.12
FL167383,British Airways,Delhi,JFK,2025-03-20,07:45,01:49,18.08,,12040.0,Economy,6,Summer,Thursday,Boeing 777,Mobile App,2,101257.56
FL100229,Indigo,CCU,Mumbai,2025-09-21,11:00,15:01,4h 01m,1,1683.4,Economy,26,Monsoon,Sunday,ATR 72,Website,4,8458.77
FL186662,Indigo,Bangalore Airport,BOM,2026-03-07,10:00 AM,12:51,2.86,1,873.5,Economy,83,Summer,Saturday,Airbus A321,Airport Counter,3,3727.2
FL144960,Lufthansa,Sydney,Jaipur Airport,2026-09-10,12:45 AM,17:21,16h 36m,1,11223.6,,50,Monsoon,Thursday,Airbus A320,Third-Party,4,116835.16
FL106994,Thai Airways,Jaipur,Dubai Airport,2026-10-22,12:30,17:04,4h 35m,1 stop,2195.0,Premium Economy,71,Autumn,Thursday,Boeing 777,Mobile App,5,20388.19
FL179036,Singapore Airlines,London,Hyderabad,2026-10-11,6:35 PM,08:14,820 min,2,,Economy,31,Autumn,Sunday,Boeing 787 Dreamliner,Website,5,60822.1
FL132909,british airways,Hyderabad,Singapore,2025-02-05,6:35 AM,11:36,5h 02m,0,3531.1,Premium Economy,113,Winter,Wednesday,Airbus A350,Third-Party,6,67851.25
FL135599,,Jaipur,Frankfurt,,01:55,13:40,11h 45m,2,6301.5,Economy,41,Winter,Monday,Airbus A320,Mobile App,2,39409.91
FL110465,Thai Airways,LHR,BOM,2025-11-02,8:00 AM,7:44 PM,11h 44m,1,7493.9,Economy,45,Autumn,Sunday,Airbus A380,Mobile App,2,68290.58
FL130303,LUFTHANSA,Mumbai,SIN,2026-02-21,22:20,04:59,6.66,1,3907.3,First,2,Winter,Saturday,Airbus A350,Website,2,200000
FL173967,Thai Airways,Kolkata,SYD,2025-08-02,21:35,12:47,15h 13m,2 stops,9772.4,First,12,Monsoon,Saturday,Boeing 787 Dreamliner,Travel Agent,1,200000
FL166113,AirAsia India,Mumbai,Goa,2025-05-25,5:10 PM,21:19,4.17,2 stops,455.1 km,Business,3,Summer,Sunday,Airbus A320,Website,3,12343.88
FL132614,Qatar Airways,BOM,London,2025-03-04,,18:58,,1,7599.3,,2,Summer,Tuesday,Airbus A380,Website,1,113886.37
FL135683,,Bangkok,Hyderabad Airport,2025-04-24,1:20 PM,5:06 PM,227 min,0,2555.9,Economy,14,Summer,Thursday,Boeing 777,Website,1,30256.01
FL123563,Qatar Airways,Bangkok,Dubai,2026-02-23,15:15,22:09,6.92,0,5003.9,Economy,116,Winter,Monday,,Travel Agent,1,53437.14
FL148260,Vistara,Delhi Airport,Hyderabad Airport,2026-10-02,13:45,17:39,3h 54m,1 stop,,Economy,6,Autumn,Friday,Airbus A320,Third-Party,3,8585.03
FL183673,Qatar Airways,SYD,Dubai,2025-03-22,04:45,21:29,16h 44m,non-stop,,Premium Economy,14,Summer,Saturday,Airbus A320,Website,1,200000
FL173627,air india,HYD,Pune,2026-08-29,5:35 PM,6:45 PM,1h 11m,0,526.5,Economy,1,Monsoon,Saturday,Airbus A320,Travel Agent,2,5626.52
FL106833,Etihad Airways,BKK,Sydney Airport,2026-01-14,6:35 PM,,12h 06m,1 stop,7694.2,Economy,45,Winter,Wednesday,Boeing 787 Dreamliner,Mobile App,1,95419.78
FL129547,Etihad Airways,New York,SIN,2025-10-11,16:15,12:24 PM,20h 09m,0,15333.0,Economy,164,Autumn,Saturday,Airbus A320,Website,1,157009.76
FL161044,SpiceJet,Delhi Airport,Chennai,2026-04-28,04:30,,4h 13m,1,1818.4,Business,41,Summer,Tuesday,Airbus A320,Mobile App,4,25000
FL197647,Thai Airways,,Sydney,2025-01-03,06:55,22:09,15h 14m,1,10133.6,Economy,84,Winter,Friday,Airbus A380,Website,2,82221.53
FL161171,Lufthansa,Ahmedabad,LHR,2026-11-14,10:15,7:50 PM,9h 36m,0,,Economy,,Autumn,Saturday,Airbus A320,Third-Party,1,64843.49
FL196832,Indigo,Mumbai,Bangalore Airport,2025-03-31,00:05,01:41,,0,861.2,Economy,123,Summer,Monday,Airbus A320,Mobile App,3,4184.82
FL159404,Qatar Airways,Kolkata Airport,Doha,2025-10-16,18:50,00:22,5h 33m,non-stop,3935.3,Business,6,Autumn,Thursday,Airbus A350,Website,4,200000
FL105367,Air India,Dubai Airport,Kolkata,2025-04-20,02:30,08:49,6h 20m,,,Economy,44,Summer,Sunday,Boeing 787 Dreamliner,Mobile App,5,33996.71
FL122533,lufthansa,Kolkata,Sydney Airport,2026-06-30,6:50 AM,9:10 PM,14h 21m,1 stop,9671.3,Economy,86,Monsoon,Tuesday,Airbus A320,Mobile App,1,76651.76
FL172911,Thai Airways,Delhi,New York,2026-11-27,02:00,19:13,17h 13m,1,11943.7,,10,Autumn,Friday,Boeing 787 Dreamliner,Airport Counter,1,200000
FL174376,Emirates,LHR,Singapore Airport,2025-08-07,01:45,7:35 PM,17h 50m,,10907.1,Economy,6,Monsoon,Thursday,Boeing 787 Dreamliner,,1,137880.87
FL101132,Emirates,Bangkok,Doha,2025-06-26,1:40 AM,09:17,7h 38m,,5558.9,Economy,8,Monsoon,Thursday,Boeing 787 Dreamliner,Third-Party,3,53915.23
FL196115,Thai Airways,JFK,Frankfurt,2025-03-01,,19:24,10h 39m,1,6653.0,Economy,28,Summer,Saturday,Airbus A320,Airport Counter,,56636.03
FL163435,Singapore Airlines,Frankfurt,Doha,2026-01-26,01:00,7:41 AM,6.69,0,4828.5,Economy,3,Winter,Monday,Boeing 787 Dreamliner,Travel Agent,1,110633.7
FL148907,THAI AIRWAYS,Pune,Doha,2026-01-21,23:30,04:42,5h 13m,1 stop,2466.2,Economy,11,Winter,Wednesday,Airbus A350,Travel Agent,1,33626.63
FL169200,SpiceJet,Goa,Delhi,2026-02-05,14:15,16:46,2.52,0,1575.3,Premium Economy,4,Winter,Thursday,Airbus A320,Website,,17579.52
FL126956,qatar airways,London Airport,Goa,2026-08-14,19:10,07:47,12h 37m,1,8120.3,Economy,43,Monsoon,,Airbus A320,Mobile App,2,78906.79
FL128686,,Goa,Kolkata,2026-10-23,04:45,10:46,6.03,2,1781.1,Premium Economy,0,Autumn,Friday,Airbus A320,Website,2,17081.27
FL137481,Thai Airways,Bangkok,Bangalore,2025-03-30,07:55,2:32 PM,6h 38m,2 stops,2666.2,Premium Economy,3,Summer,Sunday,,Website,1,
FL183941,Etihad Airways,SYD,Dubai,2025-04-18,20:50,1:57 PM,17h 08m,1,12174.9,Economy,141,Summer,Friday,Airbus A350,Mobile App,2,108163.57
FL179053,Etihad Airways,Doha Airport,Frankfurt Airport,,6:25 PM,01:03,,non-stop,4787.0,Premium Economy,29,Summer,Monday,Airbus A350,Website,1,
FL188064,Thai Airways,,,2025-07-17,17:00,15:38,22h 39m,1 stop,16222.1 km,Economy,8,Monsoon,Thursday,Boeing 777,Mobile App,1,174096.83
FL191736,British Airways,Frankfurt,BLR,,18:55,09:03,14h 09m,2,7993.3 km,Premium Economy,13,Monsoon,Monday,Airbus A320,Website,3,128098.54
FL183304,Lufthansa,Doha,New York,2026-10-13,8:20 PM,1:07 PM,16h 48m,1 stop,11536.7,Economy,98,,Tuesday,Airbus A350,Travel Agent,1,81872.16
FL164348,Qatar Airways,JFK,Jaipur,2025-12-04,5:50 AM,10:40 PM,16h 51m,non-stop,12749.1,Economy,4,Winter,Thursday,Boeing 787 Dreamliner,Travel Agent,4,182919.52
FL101459,air india,Hyderabad,JAI,2025-03-02,12:00 AM,01:56,117 min,0,1128.2,Economy,31,Summer,Sunday,Airbus A320,Website,1,428009.08
FL123619,Indigo,Chennai,Delhi,,10:00,14:13,4.22,1,1802.1,Economy,13,Monsoon,Friday,Airbus A320,Third-Party,1,7605.76
FL176861,Thai Airways,DOH,,2025-09-11,17:25,02:27,9h 03m,1,5573.1,Economy,11,Monsoon,Thursday,Airbus A320,Website,1,69323.35
FL194130,Thai Airways,Goa,London Airport,2025-05-14,06:40,17:14,10.58,0,7861.7,Economy,28,Summer,Wednesday,Airbus A320,Mobile App,2,85034.68
FL195868,AirAsia India,Delhi,Mumbai,2025-01-09,11:05 PM,4:30 AM,5h 25m,2 stops,1161.2,Economy,19,Winter,Thursday,Airbus A321,Mobile App,2,5218.21
FL152795,British Airways,New York,BLR,2025-02-18,12:25 PM,07:53,19h 28m,1 stop,13836.8,Economy,10,Winter,Tuesday,Airbus A320,Mobile App,2,136390.0
FL112040,SpiceJet,Jaipur,BOM,2025-10-21,12:45 PM,2:26 PM,101 min,0,923.4,Business,4,Autumn,,ATR 72,Website,1,19304.99
FL173546,SpiceJet,Ahmedabad,Hyderabad,2025-10-31,11:05,12:45 PM,1h 41m,0,922.9,Economy,16,Autumn,,Airbus A321,Third-Party,2,5253.04
FL174260,Qatar Airways,Bangkok,Frankfurt,2025-03-18,21:20,11:34,14.24,1,9519.4,Economy,30,Summer,Tuesday,Airbus A350,Website,1,129432.63
FL183177,Vistara,Sydney Airport,Hyderabad,2026-07-30,03:45,18:51,15h 06m,2 stops,9649.6,Economy,5,Monsoon,Thursday,Airbus A380,Website,2,97100.65
FL135384,British Airways,London,Sydney Airport,2026-04-10,20:45,8:31 PM,23h 46m,1,17287.6,Economy,35,,Friday,Airbus A320,Travel Agent,two,199250.88
FL131297,,Mumbai,London,2025-06-17,09:25,20:41,677 min,1 stop,7302.2,Premium Economy,10,Monsoon,Tuesday,Airbus A350,Third-Party,6,151324.33
FL197317,Lufthansa,Pune Airport,New York,2026-05-08,1:15 PM,,18h 28m,1 stop,13037.0,Economy,11,Summer,Friday,Boeing 787 Dreamliner,Airport Counter,3,161954.51
FL195571,Singapore Airlines,New York Airport,Frankfurt,2026-10-13,18:25,4:26 AM,10h 02m,1 stop,6261.7,Economy,10,Autumn,Tuesday,Boeing 787 Dreamliner,Website,4,97135.94
FL144230,Singapore Airlines,Bangkok,Frankfurt,2026-03-30,8:10 PM,09:30,13h 21m,1 stop,9048.3,Economy,32,Summer,Monday,Airbus A350,Website,2,113680.24
FL174531,Etihad Airways,SIN,Jaipur,,05:40,11:48,6.15,0,,Economy,64,Winter,Sunday,Boeing 777,Mobile App,1,50601.45
FL178774,Emirates,Doha Airport,Pune,2026-11-11,5:50 PM,10:37 PM,4h 47m,1,2507.9,Economy,7,,Wednesday,,Website,2,27220.47
FL184442,Vistara,GOI,,2025-09-09,04:35,,2h 38m,1,496.6,Premium Economy,14,Monsoon,Tuesday,Airbus A320,Airport Counter,1,3589.53
FL135298,Singapore Airlines,DEL,Frankfurt,2025-09-10,04:20,13:46,9.44,1,6122.9,Economy,16,Monsoon,Wednesday,Airbus A380,Airport Counter,1,56822.9
FL158677,Air India,Kolkata,Jaipur,2025-05-18,21:30,11:47 PM,,0,1391.8,Economy,31,Summer,Sunday,Boeing 737,Website,3,"Rs. 8,929.50"
FL129939,AirAsia India,Jaipur,Bangalore,2026-02-13,23:55,4:09 AM,4h 14m,1,1634.6,Economy,13,Winter,Friday,,Mobile App,2,8712.26
FL130475,Qatar Airways,Kolkata,Bangkok,2025-07-26,1:45 PM,17:28,3h 43m,1,1665.0,Premium Economy,132,,Saturday,Airbus A350,Travel Agent,3,25263.51
FL169053,Qatar Airways,New York,Bangalore,2025-08-02,8:50 PM,2:51 PM,18h 01m,0,13664.9,Economy,1,Monsoon,Saturday,,Mobile App,1,200000
FL114468,GoFirst,Kolkata,Bangalore,,20:55,23:31,2.61,non-stop,1647.6,Economy,20,Monsoon,Monday,Boeing 737,Mobile App,3,7437.93
FL139532,Air India,Mumbai,,2025-03-14,10:00,13:03,3.05,1,901.9,Economy,42,Summer,Friday,ATR 72,Mobile App,1,4218.21
FL169884,THAI AIRWAYS,Sydney,Mumbai,2025-08-06,1:15 AM,16:08,14h 53m,1,10420.5,Premium Economy,121,Monsoon,Wednesday,Airbus A380,Website,1,95673.31
FL139770,Indigo,Kolkata Airport,Delhi,2026-11-09,13:15,3:25 PM,2h 11m,0,1311.2,Economy,24,Autumn,Monday,Airbus A320,Travel Agent,3,6922.75
FL161632,Etihad Airways,GOI,Singapore,2025-10-21,11:50,8:12 PM,8h 23m,2,3715.4,Economy,72,Autumn,Tuesday,Airbus A350,Mobile App,1,28266.04
FL102071,Indigo,DEL,Jaipur,2026-01-05,13:00,1:49 PM,0h 49m,0,248.7,Business,8,Winter,Monday,,Third-Party,2,4831.08
FL147470,Indigo,MAA,Pune,2025-12-17,17:10,6:53 PM,1h 43m,0,951.7,Economy,82,Winter,Wednesday,Airbus A320,Website,1,2694.59
FL104240,Vistara,Singapore,Sydney,2025-04-03,08:55,18:44,9h 50m,1,6359.4,Economy,174,Summer,Thursday,Airbus A320,Website,1,60663.58
FL145145,,BKK,Dubai Airport,2026-12-29,07:45,4:02 PM,498 min,1 stop,4894.1,Economy,1,Winter,Tuesday,Airbus A320,Travel Agent,2,85821.29
FL160139,,London,,2026-11-13,14:05,23:48,9h 44m,0,7195.8,Economy,38,Autumn,Friday,Airbus A320,Website,1,67991.08
FL131910,British Airways,LHR,Bangkok,2025-09-17,23:05,13:53,14h 48m,1 stop,10108.2,Economy,10,Monsoon,Wednesday,,Travel Agent,2,117080.75
FL174693,Lufthansa,Frankfurt,Singapore Airport,2026-05-16,12:10 PM,03:42,15h 32m,1 stop,10361.4,Economy,0,Summer,Saturday,Airbus A350,,2,158494.9
FL104333,AirAsia India,,PNQ,2025-08-20,10:40 PM,00:24,1h 45m,non-stop,969.0,Economy,9,Monsoon,Wednesday,ATR 72,Website,3,
FL157379,Thai Airways,New York,Doha,2026-08-27,11:30 AM,,15h 43m,1 stop,10996.2,Economy,3,Monsoon,Thursday,Airbus A350,,1,171410.84
FL128179,GoFirst,,Delhi,2026-02-04,02:10,04:38,2h 29m,0,1540.9,Economy,,Winter,Wednesday,Airbus A321,Travel Agent,1,"Rs. 11,498.89"
FL170616,SpiceJet,Jaipur,MAA,2026-06-07,11:40,15:28,228 min,1,1676.1,Economy,41,Monsoon,Sunday,Airbus A320,Website,1,6124.79
FL190857,Qatar Airways,Dubai,,2025-05-10,10:50 PM,03:12,4h 23m,0,,Economy,10,,,Airbus A380,,2,42478.49
FL169545,Etihad Airways,Doha,Hyderabad Airport,2026-12-18,,8:30 AM,4h 16m,0,,Economy,4,Winter,Friday,Airbus A320,Website,1,49434.1
FL167674,SpiceJet,Ahmedabad,Jaipur,2026-11-16,20:05,22:38,154 min,1 stop,568.0,Economy,11,Autumn,Monday,Boeing 737,Third-Party,2,2670.23
FL146352,Qatar Airways,Kolkata,Sydney,2025-12-20,00:35,4:09 PM,15.58,2,9394.6,,1,Winter,Saturday,Airbus A380,Third-Party,2,200000
FL160749,AirAsia India,Pune,Kolkata,2026-07-30,4:20 PM,20:42,263 min,1,1656.7,Economy,12,Monsoon,Thursday,Airbus A321,Travel Agent,2,7590.51
FL171800,Qatar Airways,Mumbai,Dubai,2025-08-22,20:20,11:22 PM,3.04,0,1979.9,Economy,111 days,Monsoon,Friday,Airbus A380,Mobile App,2,22545.14
FL183927,GoFirst,Chennai,Mumbai,2025-03-16,1:30 AM,04:39,3.16,1 stop,1100.7,Business,4,Summer,Sunday,ATR 72,Website,3,21070.67
FL125043,lufthansa,Jaipur,Doha,2025-07-13,03:30,8:38 AM,5h 08m,1,2456.2,Economy,81,Monsoon,Sunday,Airbus A350,Website,1,24534.82
FL127472,Air India,Hyderabad,Delhi Airport,2025-09-21,20:45,01:33,289 min,2 stops,1349.8,Economy,,Monsoon,Sunday,ATR 72,,1,10244.55
FL196688,British Airways,Pune,Sydney,,16:40,06:29,13h 50m,,10396.8,Business,11,,Sunday,Airbus A320,Website,1,200000
FL111065,Singapore Airlines,New York,Chennai,2026-09-08,2:15 PM,09:31,19h 16m,1,13564.7,Economy,119,Monsoon,Tuesday,Boeing 777,Travel Agent,1,936329.59
FL120561,British Airways,,Dubai,2026-02-12,13:10,9:01 PM,7h 52m,non-stop,5744.4,Economy,89,Winter,Thursday,Boeing 777,Third-Party,1,47600.98
FL112998,British Airways,SIN,Frankfurt,2026-02-28,10:55,03:17,,2,10334.3,Economy,25,Winter,Saturday,Airbus A320,,1,97108.91
FL179398,,Pune Airport,Mumbai,2025-02-03,3:40 AM,04:25,0h 45m,non-stop,150,Economy,44,Winter,Monday,ATR 72,Airport Counter,3,2000
FL146764,Etihad Airways,Kolkata,Frankfurt,2025-07-18,17:45,6:37 AM,12h 53m,2,7480.2,Economy,85,Monsoon,Friday,Boeing 777,Mobile App,2,83045.84
FL110520,British Airways,Mumbai,London,2026-09-12,6:15 PM,06:06,712 min,2,7289.1,Economy,31,Monsoon,Saturday,Boeing 787 Dreamliner,Mobile App,6,45999.01
FL137625,British Airways,New York Airport,Delhi Airport,2025-01-25,23:35,,18h 24m,2 stops,12320.5,Business,20,Winter,Saturday,Airbus A380,Website,1,200000
FL102626,British Airways,London,Bangalore,2025-08-06,12:40,1:16 AM,12h 37m,1 stop,8235.5,Economy,32,Monsoon,Wednesday,Airbus A380,Third-Party,2,60919.27
FL179303,Thai Airways,Ahmedabad,Bangkok,2026-11-28,08:00,14:16,6.27,1,3181.2,Premium Economy,28,Autumn,Saturday,Boeing 777,Mobile App,4,40138.81
FL189062,Etihad Airways,Singapore,DXB,2025-10-21,00:20,08:22,482 min,0,5877.0,Economy,151,Autumn,Tuesday,Boeing 787 Dreamliner,Travel Agent,,"Rs. 54,320.70"
FL184605,Thai Airways,Goa,Bangkok,2025-10-09,10:10 PM,2:28 AM,258 min,0,2967.5,Economy,33,Autumn,Thursday,Airbus A350,Mobile App,1,32490.8
FL188718,Air India,Hyderabad,Ahmedabad,2025-12-12,14:25,16:04,1h 40m,0,906.7,Economy,33,Winter,Friday,Boeing 737,Travel Agent,1,5625.73
FL131019,British Airways,Jaipur,SIN,2026-02-16,13:35,19:24,5h 49m,0,4149.1,Business,3,Winter,Monday,Airbus A350,Mobile App,4,200000
FL157074,Singapore Airlines,HYD,Doha,2025-03-12,5:25 AM,9:50 AM,266 min,0,3064.9,Economy,12,Summer,Wednesday,Airbus A380,Airport Counter,2,43830.08
FL118626,AirAsia India,Bangalore,HYD,2026-10-15,1:05 PM,15:43,2.65,1,504.0,Economy,18,Autumn,Thursday,Boeing 737,Website,1,"Rs. 2,173.79"
FL151099,Singapore Airlines,New York,London Airport,2026-12-30,02:05,11:25 AM,9h 21m,1,5944.7,Business,31,Winter,Wednesday,Airbus A320,Travel Agent,2,164943.64
FL162980,Indigo,Hyderabad,Delhi,2026-01-30,,20:08,2.22,non-stop,1343.0,Economy,155,Winter,Friday,ATR 72,Mobile App,2,4701.53
FL182726,Air India,Delhi,GOI,2026-02-15,11:50 AM,3:44 PM,3h 55m,1 stop,1628.6,Economy,26,Winter,Sunday,ATR 72,Website,one,10201.92
FL150842,British Airways,Delhi,,2025-02-13,12:30,18:41,6h 11m,0,4438.3,Economy,37,Winter,Thursday,Airbus A380,Travel Agent,4,49209.0
FL188323,ETIHAD AIRWAYS,Dubai,AMD,2026-01-05,8:35 AM,12:57 PM,4h 23m,1,1877.6,Economy,25,Winter,Monday,Boeing 777,Mobile App,1,21814.52
FL150209,AIR INDIA,Kolkata,Bangalore,2025-01-21,11:20,3:11 PM,3h 52m,1 stop,1632.4,Economy,1,Winter,Tuesday,Airbus A321,Mobile App,1,18824.28
FL169195,AirAsia India,Delhi,Hyderabad,2026-02-09,8:20 PM,10:30 PM,2h 11m,non-stop,1308.6,Economy,23,Winter,Monday,ATR 72,Mobile App,1,8269.61
FL131117,SpiceJet,Hyderabad Airport,Delhi Airport,2025-03-26,,9:15 PM,130 min,0,1300.1,Economy,4,Summer,Wednesday,ATR 72,Website,4,11733.67
FL110619,Etihad Airways,Singapore,Delhi,2026-06-28,09:20,15:25,6h 05m,0,4358.4,Premium Economy,52,Monsoon,Sunday,Boeing 787 Dreamliner,Website,3,64741.25
FL126064,Thai Airways,New York Airport,Goa,2025-05-01,,11:56 AM,19h 01m,1,13520.4,Economy,12,Summer,Thursday,Airbus A320,Website,1,
FL149284,airasia india,Bangalore,Goa,2026-09-12,18:20,19:28,1.14,0,502.4 km,Economy,25,Monsoon,Saturday,Boeing 737,Travel Agent,1,2807.2
FL100939,Etihad Airways,Mumbai,FRA,2026-12-30,02:50,1:58 PM,11h 09m,1 stop,7062.2,Business,35,Winter,Wednesday,Airbus A320,Mobile App,1,189294.78
FL153135,AirAsia India,Hyderabad,Ahmedabad,2026-01-02,1:20 AM,03:00,101 min,non-stop,918.3,Economy,1,Winter,Friday,Airbus A320,,4,
FL101875,Etihad Airways,Bangkok Airport,Hyderabad,2026-04-07,,,4.72,1,2462.3,Economy,155,Summer,Tuesday,Airbus A320,Airport Counter,2,20554.96
FL130953,Air India,Dubai,Goa,2025-04-13,6:10 AM,11:20 AM,5h 10m,1,2302.5,Economy,44,Summer,Sunday,Boeing 777,,1,18676.53
FL116857,,Ahmedabad,Goa,2026-03-14,06:35,08:14,1h 39m,non-stop,902.5,Economy,17,Summer,Saturday,Airbus A320,,5,7097.62
FL100053,Qatar Airways,,New York,2026-01-07,03:50,00:15,20.43,2 stops,13636.7,Economy,159,Winter,Wednesday,Boeing 787 Dreamliner,Mobile App,6,90408.91
FL102207,INDIGO,Jaipur,PNQ,2026-06-18,11:50,3:20 PM,3.51,1 stop,1014.5,Economy,1,Monsoon,Thursday,Boeing 737,Travel Agent,1,5388.7
FL138545,air india,,Goa,2026-12-19,11:35 AM,,0h 58m,0,370.1,Economy,11,Winter,Saturday,Airbus A321,Website,,2966.86
FL145629,Lufthansa,Bangkok,Chennai Airport,2026-04-22,05:00,9:31 AM,4h 32m,1 stop,,Premium Economy,3,Summer,Wednesday,Boeing 787 Dreamliner,Third-Party,6,66214.88
FL119639,indigo,Goa,CCU,2025-02-17,15:05,19:02,3h 57m,1,1829.4,Economy,5,Winter,Monday,Airbus A320,Website,1,9214.4
FL144965,Air India,Ahmedabad,Kolkata,2025-02-28,1:10 PM,15:49,,,1685.0,Premium Economy,99,Winter,Friday,,Travel Agent,2,16935.41
FL123026,Qatar Airways,Doha,Delhi,2025-06-12,06:25,11:52,5.46,1,2631.1,Economy,1,Monsoon,Thursday,Airbus A350,Travel Agent,3,30853.7
FL118297,british airways,New York Airport,FRA,2026-05-27,5:15 PM,2:09 AM,8h 55m,non-stop,6560.9,Economy,,Summer,Wednesday,Airbus A380,Website,1,53437.15
FL110056,Etihad Airways,Sydney,Bangkok Airport,2026-04-22,07:15,18:01,10h 47m,non-stop,8015.4,Economy,4,Summer,Wednesday,Boeing 787 Dreamliner,Third-Party,one,115971.18
FL148506,GoFirst,Pune,Ahmedabad,2026-06-25,6:45 PM,19:57,1h 12m,0,550.1,Economy,5,Monsoon,Thursday,ATR 72,Mobile App,1,3287.91
FL123779,Etihad Airways,Sydney,Ahmedabad,2026-06-11,07:15,21:51,14h 36m,0,11002.9,Economy,64,,Thursday,Boeing 777,Website,3,
FL101033,Vistara,Pune,Goa,2025-12-24,06:40,8:42 AM,,1,,Economy,,Winter,Wednesday,ATR 72,,1,2000
